folder_id	assetid	production_id	comment
75215	24911	902668840	NULL
75215	24912	902668680	NULL
75215	24915	902668920	NULL
75215	24916	902668170	NULL
75215	24929	902667870	NULL
75215	24930	902667790	NULL
75215	24932	902667520	NULL
75215	24933	902667280	NULL
75215	24934	902666630	NULL
75215	24935	902667360	NULL
75215	24936	902667440	NULL
75215	24937	902667010	NULL
75215	24938	902666980	NULL
75215	24939	902666710	NULL
75215	24910	902669570	NULL
75215	24909	902669650	NULL
75215	24908	902669730	NULL
75215	24907	902668330	NULL
75215	24842	902669300	NULL
75215	24841	902669220	NULL
75215	24839	902670150	NULL
75215	24838	902668090	NULL
75215	24837	902668760	NULL
75215	24836	902667950	NULL
75215	24835	902669060	NULL
75215	24824	902669490	NULL
75215	24823	902668250	NULL
75215	24822	902674730	NULL
75215	24940	902665740	NULL
75215	24955	902670310	NULL
75215	24956	902673920	NULL
75215	24957	902674810	NULL
75215	24958	902676190	NULL
75215	24959	902676000	NULL
75215	24960	902672790	NULL
75215	24961	902673250	NULL
75215	24962	902671550	NULL
75215	24941	902666470	NULL
75215	24942	902665820	NULL
75215	24943	902665900	NULL
75215	24944	902666040	NULL
75215	24945	902666120	NULL
75215	24946	902665580	NULL
75215	24947	902666550	NULL
75215	24948	902666390	NULL
75215	24949	902665660	NULL
75215	24950	902670230	NULL
75215	24951	902670740	NULL
75215	24952	902670070	NULL
75215	24953	902669810	NULL
75215	24954	902670580	NULL
75215	24963	902670820	NULL
75215	24964	902671470	NULL
75215	24965	902672600	NULL
75215	25022	902674650	NULL
75215	25026	902673760	NULL
75215	25027	902673680	NULL
75215	25028	902675540	NULL
75215	25029	902675110	NULL
75215	25030	902673090	NULL
75215	25031	902672950	NULL
75215	25032	902672870	NULL
75215	25033	902671980	NULL
75215	25034	902671710	NULL
75215	25035	902671630	NULL
75215	25036	902671390	NULL
75215	25037	902671200	NULL
75215	25024	902674570	NULL
75215	25025	902673410	NULL
75215	25013	902671120	NULL
75215	25014	902671040	NULL
75215	25015	902673170	NULL
75215	25016	902673330	NULL
75215	25017	902674140	NULL
75215	25019	902674220	NULL
75215	25020	902674490	NULL
75215	25021	902674300	NULL
75215	24364	902676350	NULL
75215	24363	902665310	NULL
75215	26669	902677590	NULL
75215	26670	902677400	NULL
75215	26671	902676780	NULL
75215	26672	902676510	NULL
75215	26673	902676430	NULL
75215	26675	902677830	NULL
75215	24362	902681860	NULL
75215	25038	902672010	NULL
75215	25039	902670900	NULL
75215	25040	902675380	NULL
75215	25009	902672520	NULL
75215	25010	902672440	NULL
75215	25011	902672280	NULL
75215	25012	902672360	NULL
75215	25041	902675460	NULL
75215	25042	902675030	NULL
75215	25043	902675620	NULL
75215	25044	902675970	NULL
75215	25045	902675890	NULL
75215	26680	902676940	NULL
75215	26701	902680970	NULL
75215	26702	902680380	NULL
75215	26703	902681000	NULL
75215	26705	902681190	NULL
75215	26712	902679880	NULL
75215	26713	902679610	NULL
75215	26714	902680110	NULL
75215	26715	902679960	NULL
75215	26716	902681270	NULL
75215	26717	902678640	NULL
75215	26718	902678560	NULL
75215	26719	902678480	NULL
75215	26720	902678210	NULL
75215	26721	902678130	NULL
75215	26723	902678050	NULL
75215	26724	902678720	NULL
75215	26725	902679290	NULL
75215	26726	902679370	NULL
75215	26727	902679450	NULL
75215	26728	902678800	NULL
75215	26767	902678990	NULL
75215	26777	902679100	NULL
75215	26778	902679530	NULL
75215	26825	902682750	NULL
75215	26827	902682160	NULL
75215	26829	902682080	NULL
75215	26830	902683130	NULL
75215	26831	902682590	NULL
75215	26832	902682400	NULL
75215	26833	902681940	NULL
75215	26863	902681780	NULL
75215	26864	902682320	NULL
75215	26681	902677670	NULL
75215	26682	902677320	NULL
75215	26683	902677240	NULL
75215	26684	902677160	NULL
75215	26685	902677080	NULL
75215	26690	902680030	NULL
75215	26691	902680460	NULL
75215	26693	902680540	NULL
75215	26698	902680620	NULL
75215	26699	902680700	NULL
75215	26700	902680890	NULL
75215	26676	902677910	NULL
75215	26679	902676860	NULL
75215	25127	902673840	NULL
75215	25128	902674060	NULL
75215	25129	902676270	NULL
75215	25130	902675700	NULL
75215	26883	902681350	NULL
75215	26884	902681510	NULL
75215	26885	902681430	NULL
75215	26886	902684530	NULL
75215	26887	902684450	NULL
75215	26920	902682670	NULL
75215	26921	902684960	NULL
75215	26922	902684610	NULL
75215	26924	902683720	NULL
75215	26925	902683640	NULL
75215	26926	902683990	NULL
75215	26927	902683800	NULL
75215	26928	902683560	NULL
75215	26929	902684290	NULL
75215	26930	902683480	NULL
75215	26931	902684100	NULL
75215	26932	902684020	NULL
75215	26933	902682830	NULL
75215	26934	902682910	NULL
75215	26935	902683050	NULL
75215	26936	902684370	NULL
75215	26937	902684880	NULL
75215	26938	902686660	NULL
75215	26939	902686310	NULL
75215	26941	902685690	NULL
75215	26942	902685420	NULL
75215	26943	902685340	NULL
75215	26944	902685500	NULL
75215	26945	902685930	NULL
75215	26946	902685180	NULL
75215	26947	902685260	NULL
75215	27029	902686070	NULL
75215	27030	902685770	NULL
75215	27031	902685850	NULL
75215	27032	902686580	NULL
75215	27033	902686230	NULL
75215	27034	902686150	NULL
75215	29789	902692200	NULL
75215	29790	902835330	NULL
75215	29791	902691900	NULL
75215	29792	902835840	NULL
75215	29793	902835920	NULL
75215	29794	902691820	NULL
75215	29795	902690850	NULL
75215	29796	902690930	NULL
75215	29797	902691070	NULL
75215	29798	902691150	NULL
75215	29799	902691660	NULL
75215	29800	902691580	NULL
75215	29801	902690260	NULL
75215	29802	902690340	NULL
75215	29803	902690420	NULL
75215	29804	902690500	NULL
75215	29805	902691740	NULL
75215	29806	902690690	NULL
75215	29807	902690770	NULL
75215	29808	902835410	NULL
75215	29809	902686900	NULL
75215	29811	902687120	NULL
75215	29812	902687200	NULL
75215	29813	902686820	NULL
75215	29814	902692120	NULL
75215	29815	902688010	NULL
75215	29816	902691310	NULL
75215	29817	902687390	NULL
75215	29818	902687470	NULL
75215	29819	902691230	NULL
75215	29840	902687710	NULL
75215	29841	902687630	NULL
75215	29852	902686740	NULL
75215	29853	902692040	NULL
75215	29854	902687980	NULL
75215	29855	902835760	NULL
75215	29856	902836060	NULL
75215	29857	902835680	NULL
75215	29858	902689170	NULL
75215	29860	902688950	NULL
75215	29861	902689330	NULL
75215	29862	902687040	NULL
75215	29863	902688790	NULL
75215	29864	902689250	NULL
75215	29865	902690180	NULL
75215	29866	902688280	NULL
75215	29867	902688360	NULL
75215	29869	902688520	NULL
75215	29870	902688600	NULL
75215	29875	902687550	NULL
75215	29876	902688870	NULL
75215	29926	902689090	NULL
75215	29927	902689410	NULL
75215	29929	902689680	NULL
75215	29930	902689760	NULL
75215	29931	902689920	NULL
75215	29932	902689840	NULL
75215	29933	902836730	NULL
75215	29934	902179210	NULL
75215	29935	902179130	NULL
75215	29936	902179050	NULL
75215	29937	902179640	NULL
75215	29938	902179720	NULL
75215	29939	902179480	NULL
75215	29940	902179560	NULL
75215	29941	902836140	NULL
75215	29942	902836220	NULL
75215	29944	902836300	NULL
75215	29945	902836650	NULL
75215	29946	902836570	NULL
75215	29947	902836490	NULL
75215	29949	902180650	NULL
75215	29950	902180570	NULL
75215	29951	902180490	NULL
75215	29952	902180220	NULL
75215	29953	902180140	NULL
75215	29954	902180730	NULL
75215	29955	902180060	NULL
75215	29956	902179990	NULL
75215	29957	902180810	NULL
75215	29958	902181030	NULL
75215	29960	902181970	NULL
75215	29961	902182780	NULL
75215	29962	902182430	NULL
75215	29963	902183830	NULL
75215	29964	902183670	NULL
75215	29965	902183590	NULL
75215	29966	902183320	NULL
75215	29967	902183240	NULL
75215	29968	902183160	NULL
75215	29970	902182940	NULL
75215	29971	902182270	NULL
75215	29972	902182350	NULL
75215	30088	902181620	NULL
75215	30089	902181460	NULL
75215	30090	902181890	NULL
75215	30091	902181110	NULL
75215	30092	902182190	NULL
75215	30093	902181540	NULL
75215	30094	902181380	NULL
75215	30095	902182510	NULL
75215	30096	902182860	NULL
75215	30670	902185960	NULL
75215	30671	902185880	NULL
75215	30672	902185530	NULL
75215	30690	902186340	NULL
75215	30691	902185450	NULL
75215	30692	902183910	NULL
75215	30693	902184560	NULL
75215	30694	902184130	NULL
75215	30695	902184050	NULL
75215	30707	902185370	NULL
75215	32486	902186770	NULL
75215	32487	902187310	NULL
75215	32488	902187070	NULL
75215	32489	902186930	NULL
75215	32490	902187580	NULL
75215	32491	902186850	NULL
75215	32492	902188390	NULL
75215	32496	902186690	NULL
75215	32497	902186420	NULL
75215	32498	902187740	NULL
75215	32499	902187230	NULL
75215	32500	902187820	NULL
75215	32541	902188040	NULL
75215	32748	902187150	NULL
75215	32749	902187660	NULL
75215	32753	902188630	NULL
75215	32754	902188710	NULL
75215	32755	902188470	NULL
75215	32756	902188550	NULL
75215	33428	902185290	NULL
75215	33429	902186260	NULL
75215	33430	902184720	NULL
75215	33431	902186180	NULL
75215	33432	902185610	NULL
75215	33433	902184990	NULL
75215	33434	902185020	NULL
75215	33435	902184640	NULL
75215	33436	902184480	NULL
75215	33437	902184210	NULL
75215	38281	902668410	NULL
75215	38282	902682240	NULL
75215	38283	902689090	NULL
75215	38284	902181620	NULL
75215	38285	902182190	NULL
75215	38286	902183080	NULL
75215	38287	902185960	NULL
75215	38324	902188980	NULL
75215	38325	902189010	NULL
75215	38327	902189280	NULL
75215	38328	902189360	NULL
75215	38329	902189440	NULL
75215	38362	902189950	NULL
75215	38363	902190610	NULL
75215	38364	902190530	NULL
75215	38365	902189870	NULL
75215	38366	902189790	NULL
75215	38367	902190960	NULL
75215	38368	902189520	NULL
75215	38369	902190290	NULL
75215	38370	902190020	NULL
75215	38371	902190880	NULL
75215	38372	902190370	NULL
75215	38373	902190450	NULL
75215	38524	902870910	NULL
75215	38525	902191180	NULL
75215	38526	902871720	NULL
75215	38527	902871050	NULL
75215	38528	902871210	NULL
75215	38529	902870830	NULL
75215	38530	902870750	NULL
75215	38531	902871560	NULL
75215	38532	902871480	NULL
75215	38533	902871130	NULL
75215	38534	902871640	NULL
75215	38835	902871990	NULL
75215	38836	902872020	NULL
75215	38837	902872100	NULL
75215	38838	902872290	NULL
75215	38839	902872370	NULL
75215	38841	902872450	NULL
75215	38842	902872530	NULL
75215	38843	902872610	NULL
75215	38844	902872880	NULL
75215	38846	902872960	NULL
75215	38847	902873180	NULL
75215	38881	902879890	NULL
75215	38882	902878810	NULL
75215	38883	902878730	NULL
75215	39084	902878650	NULL
75215	39085	902879030	NULL
75215	39086	902879110	NULL
75215	39087	902879380	NULL
75215	39088	902879460	NULL
75215	39089	902879540	NULL
75215	39090	902879620	NULL
75215	39091	902879700	NULL
75215	39167	902878220	NULL
75215	39168	902878300	NULL
75215	39169	902878490	NULL
75215	39170	902878570	NULL
75215	39171	902873850	NULL
75215	39172	902874150	NULL
75215	39173	902873930	NULL
75215	39174	902873500	NULL
75215	39175	902873690	NULL
75215	39176	902873340	NULL
75215	39177	902873770	NULL
75215	39178	902873420	NULL
75215	39179	902873260	NULL
75215	39180	902874230	NULL
75215	39181	902874070	NULL
75215	39182	902874660	NULL
75215	39183	902874310	NULL
75215	39184	902874580	NULL
75215	39185	902874740	NULL
75215	39186	902881520	NULL
75215	39187	902881440	NULL
75215	39188	902881600	NULL
75215	39204	902881280	NULL
75215	39386	902880120	NULL
75215	39387	902880980	NULL
75215	39388	902880470	NULL
75215	39389	902880390	NULL
75215	39390	902881360	NULL
75215	39391	902881010	NULL
75215	39392	902880550	NULL
75215	39393	902880630	NULL
75215	39394	902880710	NULL
75215	39395	902880200	NULL
75215	39397	902880040	NULL
75215	39398	902877760	NULL
75215	39399	902876950	NULL
75215	39400	902877330	NULL
75215	39402	902877250	NULL
75215	39404	902877410	NULL
75215	39405	902877170	NULL
75215	39406	902876600	NULL
75215	39407	902877680	NULL
75215	39408	902876870	NULL
75215	39410	902876790	NULL
75215	39411	902877090	NULL
75215	39412	902878060	NULL
75215	39413	902877920	NULL
75215	39414	902878140	NULL
75215	39415	902877840	NULL
75215	39416	902875390	NULL
75215	39417	902876280	NULL
75215	39418	902876440	NULL
75215	39419	902875040	NULL
75215	39420	902875630	NULL
75215	39421	902875550	NULL
75215	39422	902876010	NULL
75215	39423	902875470	NULL
75215	39424	902875980	NULL
75215	39425	902876360	NULL
75215	39532	902875710	NULL
75215	39533	902874900	NULL
75215	39534	902874820	NULL
75215	39535	902876520	NULL
75215	39536	902875120	NULL
75215	39661	902886160	NULL
75215	39855	902881600	NULL
75215	39856	902881790	NULL
75215	39857	902881870	NULL
75215	39858	902881950	NULL
75215	39859	902882090	NULL
75215	39860	902882170	NULL
75215	39861	902882250	NULL
75215	39862	902882330	NULL
75215	39863	902882410	NULL
75215	39864	902882680	NULL
75215	39865	902882760	NULL
75215	39866	902882840	NULL
75215	39867	902882920	NULL
75215	39868	902883060	NULL
75215	39869	902883140	NULL
75215	39870	902883220	NULL
75215	39871	902883300	NULL
75215	39872	902883490	NULL
75215	39873	902883570	NULL
75215	39874	902883650	NULL
75215	39875	902883730	NULL
75215	39876	902883810	NULL
75215	39877	902884030	NULL
75215	39940	902884110	NULL
75215	39941	902884380	NULL
75215	39942	902884460	NULL
75215	39944	902884540	NULL
75215	39945	902884620	NULL
75215	39946	902884700	NULL
75215	39947	902884890	NULL
75215	39966	902884970	NULL
75215	39967	902885000	NULL
75215	39968	902885190	NULL
75215	39972	902885270	NULL
75215	39973	902885350	NULL
75215	39975	902885430	NULL
75215	39976	902885510	NULL
75215	39979	902885780	NULL
75215	39980	902885860	NULL
75215	39981	902885940	NULL
75215	40012	902886080	NULL
75215	40013	902886240	NULL
75215	40014	902886320	NULL
75215	40015	902886400	NULL
75215	40016	902886590	NULL
75215	40017	902886670	NULL
75215	40020	902886750	NULL
75215	40021	902886830	NULL
75215	40022	902988590	NULL
75215	40023	902988670	NULL
75215	40024	902988750	NULL
75215	40025	902988830	NULL
75215	40026	902988910	NULL
75215	40027	902989130	NULL
75215	40115	902989210	NULL
75215	40116	902989480	NULL
75215	40117	902989560	NULL
75215	40118	902989640	NULL
75215	40119	902989720	NULL
75215	40121	902989990	NULL
75215	40122	902990810	NULL
75215	40123	902991030	NULL
75216	28021	801786590	NULL
75216	28022	801786590	NULL
75216	28023	801786590	NULL
75216	28024	801786590	NULL
75216	28025	801786590	NULL
75216	28026	801786590	NULL
75216	28027	801786590	NULL
75216	28028		NULL
75216	28029		NULL
75216	28030		NULL
75216	28033		NULL
75216	28040		NULL
75216	28020	801786590	NULL
75216	28019	801786590	NULL
75216	28018	801786590	NULL
75216	28016	801786590	NULL
75216	28014	801786590	NULL
75216	28013		NULL
75216	28012	NULL	NULL
75216	28011	NULL	NULL
75216	28010		NULL
75216	28009		NULL
75216	28008		NULL
75216	28007		NULL
75216	28006		NULL
75216	28005		NULL
75216	28000		NULL
75216	27999		NULL
75216	27974		NULL
75216	28042		NULL
75216	28113		NULL
75216	28045		NULL
75216	28047		NULL
75216	28058		NULL
75216	28059		NULL
75216	28065		NULL
75216	28071		NULL
75216	28091		NULL
75216	28092		NULL
75216	28096		NULL
75216	28097		NULL
75216	28098		NULL
75216	28099		NULL
75216	28100		NULL
75216	28101		NULL
75216	28102		NULL
75216	28103		NULL
75216	28104		NULL
75216	28115		NULL
75216	28116		NULL
75216	28117		NULL
75216	28118		NULL
75216	28119		NULL
75216	28120		NULL
75216	28121		NULL
75216	28124	NULL	NULL
75216	28125		NULL
75216	28126		NULL
75216	28131		NULL
75216	28132		NULL
75216	28144		NULL
75216	28166		NULL
75216	28185		NULL
75216	28186		NULL
75216	28187		NULL
75216	28188		NULL
75216	28189		NULL
75216	28190		NULL
75216	28191		NULL
75216	28192		NULL
75216	28193		NULL
75216	28194		NULL
75216	28195		NULL
75216	28167		NULL
75216	28480		NULL
75216	28484		NULL
75216	28485		NULL
75216	28486		NULL
75216	28487		NULL
75216	28488		NULL
75216	28489		NULL
75216	28490		NULL
75216	28168		NULL
75216	28169		NULL
75216	28170		NULL
75216	28171		NULL
75216	28172		NULL
75216	28173		NULL
75216	28174		NULL
75216	28177		NULL
75216	28178		NULL
75216	28183		NULL
75216	28747		NULL
75216	28753		NULL
75216	28754		NULL
75216	28755		NULL
75216	28756		NULL
75216	28757		NULL
75216	28758		NULL
75216	28759		NULL
75216	28184		NULL
75216	28152		NULL
75216	28157		NULL
75216	28161		NULL
75216	28162		NULL
75216	28165		NULL
75216	28463		NULL
75216	28813		NULL
75216	28814		NULL
75216	28815		NULL
75216	28816		NULL
75216	28817		NULL
75216	28818		NULL
75216	28819		NULL
75216	28822		NULL
75216	28678		NULL
75216	28679		NULL
75216	28683		NULL
75216	28684		NULL
75216	28686		NULL
75216	28689		NULL
75216	28850		NULL
75216	28853		NULL
75216	28857		NULL
75216	28882		NULL
75216	28883		NULL
75216	28884		NULL
75216	28885		NULL
75216	28895		NULL
75216	32431		NULL
75216	32440		NULL
75216	32441		NULL
75216	32448		NULL
75216	32461		NULL
75216	32464		NULL
75216	32468		NULL
75216	32472		NULL
75216	32473		NULL
75216	32474		NULL
75216	32478		NULL
75216	32672		NULL
75216	32673		NULL
75216	32674		NULL
75216	32675		NULL
75216	32676		NULL
75216	32677		NULL
75216	32678		NULL
75216	32712		NULL
75216	33643		NULL
75216	33644		NULL
75216	33647		NULL
75216	33649		NULL
75216	33791		NULL
75216	28743		NULL
75216	28744		NULL
75216	28745		NULL
75216	28746		NULL
75216	28784		NULL
75216	28785		NULL
75216	28787		NULL
75216	28789		NULL
75216	28791		NULL
75216	28810		NULL
75216	28811		NULL
75216	28833		NULL
75216	28834		NULL
75216	28835		NULL
75216	28836		NULL
75216	28841		NULL
75216	28846		NULL
75216	33792		NULL
75216	33793		NULL
75216	33794		NULL
75216	33804		NULL
75216	33805		NULL
75216	33835		NULL
75216	33837		NULL
75216	33838		NULL
75216	33841		NULL
75216	33842		NULL
75216	33858		NULL
75216	33859		NULL
75216	33913		NULL
75216	33915		NULL
75216	33970		NULL
75216	33971		NULL
75216	33973		NULL
75216	33995		NULL
75216	33997		NULL
75216	33999		NULL
75216	34000		NULL
75216	34002		NULL
75216	34024		NULL
75216	34025		NULL
75216	34026		NULL
75216	34027		NULL
75216	34028		NULL
75216	34076		NULL
75216	34077		NULL
75216	34078		NULL
75216	36091		NULL
75216	36099		NULL
75216	36106		NULL
75216	36107		NULL
75216	36108		NULL
75216	36110		NULL
75216	36112		NULL
75216	36113		NULL
75216	36118		NULL
75216	36119		NULL
75216	36120		NULL
75216	36121		NULL
75216	36122		NULL
75216	36123		NULL
75216	36132		NULL
75216	36133		NULL
75216	36134		NULL
75216	36137		NULL
75216	36187		NULL
75216	36212		NULL
75216	36215		NULL
75216	36217		NULL
75216	36219		NULL
75216	36220		NULL
75216	36221		NULL
75216	36222		NULL
75216	36224		NULL
75216	36225		NULL
75216	36226		NULL
75216	36227		NULL
75216	36228		NULL
75216	36229		NULL
75216	36232		NULL
75216	36234		NULL
75216	36235		NULL
75216	36237		NULL
75216	36238		NULL
75216	36239		NULL
75216	36242		NULL
75216	36244		NULL
75216	36254		NULL
75216	36255		NULL
75216	36256		NULL
75216	36258		NULL
75216	36261		NULL
75216	36262		NULL
75216	36263		NULL
75216	36264		NULL
75216	36266		NULL
75216	36267		NULL
75216	36270		NULL
75216	36276		NULL
75216	36277		NULL
75216	36278		NULL
75216	36279		NULL
75216	36280		NULL
75216	36281		NULL
75216	36282		NULL
75216	36283		NULL
75216	36284		NULL
75216	36287		NULL
75216	36297		NULL
75216	36300		NULL
75216	36306		NULL
75216	36328		NULL
75216	36329		NULL
75216	36332		NULL
75216	36334		NULL
75216	36353		NULL
75216	36354		NULL
75216	36355		NULL
75023	3011		NULL
75023	3035		NULL
75023	3158		NULL
75023	3159		NULL
75023	3288	NULL	NULL
75023	3295		NULL
75023	4966		NULL
75023	4968		NULL
75023	5130	NULL	NULL
75023	5133	NULL	NULL
75023	5134	NULL	NULL
75023	5136	NULL	NULL
75023	5137	NULL	NULL
75023	5139	NULL	NULL
75023	5144	NULL	NULL
75023	5147	NULL	NULL
75023	5148	NULL	NULL
75023	5149	NULL	NULL
75023	5150	NULL	NULL
75023	5151	NULL	NULL
75023	5152	NULL	NULL
75023	5153	NULL	NULL
75023	5154	NULL	NULL
75023	5155	NULL	NULL
75023	5157	NULL	NULL
75023	5158	NULL	NULL
75023	5159	NULL	NULL
75023	5161	NULL	NULL
75023	5162	NULL	NULL
75023	5163	NULL	NULL
75023	5164	NULL	NULL
75023	5165	NULL	NULL
75023	5167	NULL	NULL
75023	5168	NULL	NULL
75023	5169	NULL	NULL
75023	5170	NULL	NULL
75023	5171	NULL	NULL
75023	5172	NULL	NULL
75023	5173	NULL	NULL
75023	5174	NULL	NULL
75023	5176	NULL	NULL
75023	5177	NULL	NULL
75023	5178	NULL	NULL
75023	5179	NULL	NULL
75023	5180	NULL	NULL
75023	5181	NULL	NULL
75023	5182	NULL	NULL
75023	5183	NULL	NULL
75023	5184	NULL	NULL
75023	5185	NULL	NULL
75023	5186	NULL	NULL
75023	5190	NULL	NULL
75023	5191	NULL	NULL
75023	5192	NULL	NULL
75023	5193	NULL	NULL
75023	5194	NULL	NULL
75023	5195	NULL	NULL
75023	5196	NULL	NULL
75023	5197	NULL	NULL
75023	5198	NULL	NULL
75023	5199	NULL	NULL
75023	5200	NULL	NULL
75023	5201	NULL	NULL
75023	5202	NULL	NULL
75023	5203	NULL	NULL
75023	5204	NULL	NULL
75023	5206	NULL	NULL
75023	5207	NULL	NULL
75023	5208	NULL	NULL
75023	5209	NULL	NULL
75023	5210	NULL	NULL
75023	5211	NULL	NULL
75023	5212	NULL	NULL
75023	5213	NULL	NULL
75023	5214	NULL	NULL
75023	5215	NULL	NULL
75023	5216	NULL	NULL
75023	5217	NULL	NULL
75023	5218	NULL	NULL
75023	5219	NULL	NULL
75023	5220	NULL	NULL
75023	5222	NULL	NULL
75023	5225	NULL	NULL
75023	5226	NULL	NULL
75023	5227	NULL	NULL
75023	5228	NULL	NULL
75023	5229	NULL	NULL
75023	5230	NULL	NULL
75023	5231	NULL	NULL
75023	5232	NULL	NULL
75023	5233	NULL	NULL
75023	5234	NULL	NULL
75023	5235	NULL	NULL
75023	5236	NULL	NULL
75023	5237	NULL	NULL
75023	5238	NULL	NULL
75023	5239	NULL	NULL
75023	5240	NULL	NULL
75023	5241	NULL	NULL
75023	5242	NULL	NULL
75023	5243	NULL	NULL
75023	5244	NULL	NULL
75023	5245	NULL	NULL
75023	5246	NULL	NULL
75023	5247	NULL	NULL
75023	5248	NULL	NULL
75023	5249	NULL	NULL
75023	5250	NULL	NULL
75023	5281	NULL	NULL
75023	5282	NULL	NULL
75023	5283	NULL	NULL
75023	5284	NULL	NULL
75023	5285	NULL	NULL
75023	5286	NULL	NULL
75023	5291	NULL	NULL
75023	5292	NULL	NULL
75023	5293	NULL	NULL
75023	5294	NULL	NULL
75023	5295	NULL	NULL
75023	5296	NULL	NULL
75023	5297	NULL	NULL
75023	5298	NULL	NULL
75023	5299	NULL	NULL
75023	5301	NULL	NULL
75023	5302	NULL	NULL
75023	5304	NULL	NULL
75023	5305	NULL	NULL
75023	5306	NULL	NULL
75023	5307	NULL	NULL
75023	5308	NULL	NULL
75023	5310	NULL	NULL
75023	5313	NULL	NULL
75023	5314	NULL	NULL
75023	5315	NULL	NULL
75023	5317	NULL	NULL
75023	5319	NULL	NULL
75023	5320	NULL	NULL
75023	5321	NULL	NULL
75023	5322	NULL	NULL
75023	5323	NULL	NULL
75023	5324	NULL	NULL
75023	5325	NULL	NULL
75023	5326	NULL	NULL
75023	5327	NULL	NULL
75023	5328	NULL	NULL
75023	5331		NULL
75023	5332	NULL	NULL
75023	5333	NULL	NULL
75023	5334	NULL	NULL
75023	5335	NULL	NULL
75023	5337	NULL	NULL
75023	5339	NULL	NULL
75023	5340	NULL	NULL
75023	5342	NULL	NULL
75023	5345		NULL
75023	5347	NULL	NULL
75023	5349	NULL	NULL
75023	5430	NULL	NULL
75023	5431		NULL
75023	5432		NULL
75023	5433	NULL	NULL
75023	5434		NULL
75023	5435	NULL	NULL
75023	5436	NULL	NULL
75023	5437		NULL
75023	5438	NULL	NULL
75023	5439	NULL	NULL
75023	5440		NULL
75023	5441	NULL	NULL
75023	5442	NULL	NULL
75023	5443	NULL	NULL
75023	5444	NULL	NULL
75023	5445	NULL	NULL
75023	5446	NULL	NULL
75023	5447	NULL	NULL
75023	5448	NULL	NULL
75023	5449	NULL	NULL
75023	5450	NULL	NULL
75023	5451	NULL	NULL
75023	5452	NULL	NULL
75023	5453	NULL	NULL
75023	5454	NULL	NULL
75023	5455	NULL	NULL
75023	5456	NULL	NULL
75023	5457	NULL	NULL
75023	5458		NULL
75023	5459		NULL
75023	5460		NULL
75023	5461	NULL	NULL
75023	5462	NULL	NULL
75023	5463		NULL
75023	5466	NULL	NULL
75023	5467		NULL
75023	5468	NULL	NULL
75023	5469		NULL
75023	5470	NULL	NULL
75023	5471		NULL
75023	5472	NULL	NULL
75023	5473	NULL	NULL
75023	5474	NULL	NULL
75023	5475	NULL	NULL
75023	5477	NULL	NULL
75023	5478	NULL	NULL
75023	5479	NULL	NULL
75023	5480	NULL	NULL
75023	5482	NULL	NULL
75023	5483	NULL	NULL
75023	5485	NULL	NULL
75023	5486	NULL	NULL
75023	5487	NULL	NULL
75023	5489	NULL	NULL
75023	5491	NULL	NULL
75023	5492	NULL	NULL
75023	5493	NULL	NULL
75023	5494	NULL	NULL
75023	5495	NULL	NULL
75023	5497	NULL	NULL
75023	5498	NULL	NULL
75023	5500		NULL
75023	5501	NULL	NULL
75023	5502	NULL	NULL
75023	5503		NULL
75023	5504	NULL	NULL
75023	5505	NULL	NULL
75023	5506	NULL	NULL
75023	5507	NULL	NULL
75023	5569	NULL	NULL
75023	5571		NULL
75023	5572		NULL
75023	5573	NULL	NULL
75023	5574	NULL	NULL
75023	5575		NULL
75023	5576	NULL	NULL
75023	5577	NULL	NULL
75023	5578	NULL	NULL
75023	5579	NULL	NULL
75023	5580	NULL	NULL
75023	5581	NULL	NULL
75023	5582		NULL
75023	5583	NULL	NULL
75023	5584	NULL	NULL
75023	5585	NULL	NULL
75023	5586	NULL	NULL
75023	5587	NULL	NULL
75023	5588	NULL	NULL
75023	5589	NULL	NULL
75023	5590	NULL	NULL
75023	5591	NULL	NULL
75023	5592	NULL	NULL
75023	5593	NULL	NULL
75023	5594	NULL	NULL
75023	5595		NULL
75023	5597	NULL	NULL
75023	5598		NULL
75023	5599	NULL	NULL
75023	5600	NULL	NULL
75023	5601	NULL	NULL
75023	5602	NULL	NULL
75023	5604	NULL	NULL
75023	5605	NULL	NULL
75023	5606		NULL
75023	5608		NULL
75023	5609		NULL
75023	5610	NULL	NULL
75023	5611	NULL	NULL
75023	5612	NULL	NULL
75023	5613	NULL	NULL
75023	5614	NULL	NULL
75023	5615	NULL	NULL
75023	5616	NULL	NULL
75023	5617	NULL	NULL
75023	5618	NULL	NULL
75023	5619	NULL	NULL
75023	5622	NULL	NULL
75023	5630	NULL	NULL
75023	5631	NULL	NULL
75023	5632	NULL	NULL
75023	5633	NULL	NULL
75023	5634	NULL	NULL
75023	5635	NULL	NULL
75023	5636	NULL	NULL
75023	5637	NULL	NULL
75023	5638	NULL	NULL
75023	5639	NULL	NULL
75023	5640	NULL	NULL
75023	5641	NULL	NULL
75023	5642	NULL	NULL
75023	5643	NULL	NULL
75023	5644	NULL	NULL
75023	5645	NULL	NULL
75023	5646	NULL	NULL
75023	5647	NULL	NULL
75023	5648	NULL	NULL
75023	5649	NULL	NULL
75023	5650	NULL	NULL
75023	5651	NULL	NULL
75023	5652	NULL	NULL
75023	5653	NULL	NULL
75023	5690	NULL	NULL
75023	5691	NULL	NULL
75023	5692	NULL	NULL
75023	5693	NULL	NULL
75023	5694	NULL	NULL
75023	5695	NULL	NULL
75023	5696	NULL	NULL
75023	5697	NULL	NULL
75023	5698	NULL	NULL
75023	5699	NULL	NULL
75023	5700	NULL	NULL
75023	5701	NULL	NULL
75023	5704	NULL	NULL
75023	5705	NULL	NULL
75023	5706	NULL	NULL
75023	5707	NULL	NULL
75023	5708		NULL
75023	5709	NULL	NULL
75023	5712		NULL
75023	5714	NULL	NULL
75023	5715	NULL	NULL
75023	5716	NULL	NULL
75023	5717		NULL
75023	5718		NULL
75023	5719	NULL	NULL
75023	5720	NULL	NULL
75023	5723	NULL	NULL
75023	5725	NULL	NULL
75023	5726	NULL	NULL
75023	5728	NULL	NULL
75023	5729	NULL	NULL
75023	5730	NULL	NULL
75023	5731	NULL	NULL
75023	5733	NULL	NULL
75023	5734	NULL	NULL
75023	5735	NULL	NULL
75023	5736	NULL	NULL
75023	5737	NULL	NULL
75023	5738	NULL	NULL
75023	5739	NULL	NULL
75023	5740	NULL	NULL
75023	5741	NULL	NULL
75023	5742	NULL	NULL
75023	5743	NULL	NULL
75023	5744	NULL	NULL
75023	5745	NULL	NULL
75023	5746	NULL	NULL
75023	5846	NULL	NULL
75023	5847	NULL	NULL
75023	5848	NULL	NULL
75023	5851	NULL	NULL
75023	5852	NULL	NULL
75023	5853	NULL	NULL
75023	5854	NULL	NULL
75023	5855	NULL	NULL
75023	5857	NULL	NULL
75023	5858	NULL	NULL
75023	5860	NULL	NULL
75023	5862	NULL	NULL
75023	5863	NULL	NULL
75023	5864	NULL	NULL
75023	5865	NULL	NULL
75023	5866	NULL	NULL
75023	5868	NULL	NULL
75023	5869	NULL	NULL
75023	5870	NULL	NULL
75023	5871	NULL	NULL
75023	5873	NULL	NULL
75023	5874	NULL	NULL
75023	5875		NULL
75023	5876	NULL	NULL
75023	5877	NULL	NULL
75023	5878	NULL	NULL
75023	5880	NULL	NULL
75023	5881	NULL	NULL
75023	5882	NULL	NULL
75023	5883	NULL	NULL
75023	5884	NULL	NULL
75023	5885	NULL	NULL
75023	5886	NULL	NULL
75023	5887	NULL	NULL
75023	5888	NULL	NULL
75023	5889	NULL	NULL
75023	5890	NULL	NULL
75023	5891	NULL	NULL
75023	5892	NULL	NULL
75023	5893	NULL	NULL
75023	5894	NULL	NULL
75023	5895	NULL	NULL
75023	5896	NULL	NULL
75023	5897	NULL	NULL
75023	5898	NULL	NULL
75023	5899	NULL	NULL
75023	5900	NULL	NULL
75023	5905		NULL
75023	5917	NULL	NULL
75023	5918	NULL	NULL
75023	5919	NULL	NULL
75023	5920	NULL	NULL
75023	5921	NULL	NULL
75023	5923	NULL	NULL
75023	5924	NULL	NULL
75023	5990		NULL
75023	6023		NULL
75023	6040	NULL	NULL
75023	6042	NULL	NULL
75023	6045	NULL	NULL
75023	6048	NULL	NULL
75023	6049	NULL	NULL
75023	6051	NULL	NULL
75023	6052	NULL	NULL
75023	6053	NULL	NULL
75023	6054	NULL	NULL
75023	6055	NULL	NULL
75023	6056	NULL	NULL
75023	6124	NULL	NULL
75023	6125	NULL	NULL
75023	6126	NULL	NULL
75023	6127	NULL	NULL
75023	6128	NULL	NULL
75023	6129	NULL	NULL
75023	6130	NULL	NULL
75023	6131	NULL	NULL
75023	6132	NULL	NULL
75023	6133	NULL	NULL
75023	6134	NULL	NULL
75023	6135	NULL	NULL
75023	6136	NULL	NULL
75023	6137		NULL
75023	6138	NULL	NULL
75023	6139	NULL	NULL
75023	6140	NULL	NULL
75023	6141	NULL	NULL
75023	6142	NULL	NULL
75023	6143	NULL	NULL
75023	6144	NULL	NULL
75023	6145	NULL	NULL
75023	6146	NULL	NULL
75023	6147	NULL	NULL
75023	6148	NULL	NULL
75023	6149	NULL	NULL
75023	6150	NULL	NULL
75023	6151	NULL	NULL
75023	6152	NULL	NULL
75023	6153	NULL	NULL
75023	6154	NULL	NULL
75023	6155		NULL
75023	6156	NULL	NULL
75023	6157	NULL	NULL
75023	6158	NULL	NULL
75023	6159	NULL	NULL
75023	6160	NULL	NULL
75023	6161	NULL	NULL
75023	6162	NULL	NULL
75023	6163	NULL	NULL
75023	6164	NULL	NULL
75023	6165	NULL	NULL
75023	6166	NULL	NULL
75023	6167	NULL	NULL
75023	6168	NULL	NULL
75023	6169	NULL	NULL
75023	6170	NULL	NULL
75023	6171	NULL	NULL
75023	6172	NULL	NULL
75023	6173	NULL	NULL
75023	6174	NULL	NULL
75023	6176	NULL	NULL
75023	6179	NULL	NULL
75023	6181	NULL	NULL
75023	6182	NULL	NULL
75023	6183		NULL
75023	6185	NULL	NULL
75023	6186	NULL	NULL
75023	6187	NULL	NULL
75023	6188	NULL	NULL
75023	6189	NULL	NULL
75023	6190	NULL	NULL
75023	6191	NULL	NULL
75023	6192	NULL	NULL
75023	6193	NULL	NULL
75023	6194	NULL	NULL
75023	6196	NULL	NULL
75023	6198	NULL	NULL
75023	6199	NULL	NULL
75023	6200	NULL	NULL
75023	6201	NULL	NULL
75023	6203	NULL	NULL
75023	6205	NULL	NULL
75023	6206	NULL	NULL
75023	6208	NULL	NULL
75023	6210	NULL	NULL
75023	6211	NULL	NULL
75023	6218	NULL	NULL
75023	6219	NULL	NULL
75023	6221	NULL	NULL
75023	6222	NULL	NULL
75023	6223	NULL	NULL
75023	6225	NULL	NULL
75023	6227	NULL	NULL
75023	6228	NULL	NULL
75023	6229	NULL	NULL
75023	6231	NULL	NULL
75023	6232	NULL	NULL
75023	6233	NULL	NULL
75023	6235	NULL	NULL
75023	6237	NULL	NULL
75023	6238	NULL	NULL
75023	6240	NULL	NULL
75023	6241	NULL	NULL
75023	6242	NULL	NULL
75023	6243		NULL
75023	6244	NULL	NULL
75023	6245	NULL	NULL
75108	3115		NULL
75108	3188	NULL	NULL
75108	3192		NULL
75108	3274	NULL	NULL
75108	3282	NULL	NULL
75108	3283	NULL	NULL
75108	3291	NULL	NULL
75108	3302	NULL	NULL
75108	3314		NULL
75108	3322	NULL	NULL
75108	3324	NULL	NULL
75108	3325		NULL
75108	3326	NULL	NULL
75108	3340	NULL	NULL
75108	3378	NULL	NULL
75108	3380	NULL	NULL
75108	3383	NULL	NULL
75108	3385	NULL	NULL
75108	3388		NULL
75108	3389		NULL
75108	3394		NULL
75108	3395	NULL	NULL
75108	3397	NULL	NULL
75108	3407	NULL	NULL
75108	3411	NULL	NULL
75108	3414		NULL
75108	3415	NULL	NULL
75108	3420	NULL	NULL
75108	3424	NULL	NULL
75108	3425	NULL	NULL
75108	3428	NULL	NULL
75108	3447	NULL	NULL
75108	3448	NULL	NULL
75108	3450	NULL	NULL
75108	3456	NULL	NULL
75108	3457	NULL	NULL
75108	3458	NULL	NULL
75108	3459	NULL	NULL
75108	3474	NULL	NULL
75108	3478	NULL	NULL
75108	3480	NULL	NULL
75108	3481	NULL	NULL
75108	3482	NULL	NULL
75108	3489		NULL
75108	3493	NULL	NULL
75108	3494	NULL	NULL
75108	3495	NULL	NULL
75108	3498		NULL
75108	3500	NULL	NULL
75108	3504	NULL	NULL
75108	3505	NULL	NULL
75108	3508	NULL	NULL
75108	3516	NULL	NULL
75108	3519	NULL	NULL
75108	3520		NULL
75108	3523	NULL	NULL
75108	3527	NULL	NULL
75108	3529	NULL	NULL
75108	3530	NULL	NULL
75108	3533	NULL	NULL
75108	3534	NULL	NULL
75108	3538		NULL
75108	3546	NULL	NULL
75108	3551	NULL	NULL
75108	3553	NULL	NULL
75108	3560	NULL	NULL
75108	3562	NULL	NULL
75108	3566	NULL	NULL
75108	3568	NULL	NULL
75108	3569	NULL	NULL
75108	3570	NULL	NULL
75108	3573	NULL	NULL
75108	3574	NULL	NULL
75108	3575	NULL	NULL
75108	3576	NULL	NULL
75108	3592		NULL
75108	3594	NULL	NULL
75108	3597	NULL	NULL
75108	3599	NULL	NULL
75108	3601	NULL	NULL
75108	3607		NULL
75108	3608		NULL
75108	3612	NULL	NULL
75108	3613	NULL	NULL
75108	3614	NULL	NULL
75108	3616	NULL	NULL
75108	3617	NULL	NULL
75108	3620	NULL	NULL
75108	3621	NULL	NULL
75108	3627	NULL	NULL
75108	3628	NULL	NULL
75108	3631	NULL	NULL
75108	3638	NULL	NULL
75108	3642	NULL	NULL
75108	3644		NULL
75108	3646	NULL	NULL
75108	3653		NULL
75108	3656	NULL	NULL
75108	3657	NULL	NULL
75108	3658	NULL	NULL
75108	3674	NULL	NULL
75108	3676	NULL	NULL
75108	3680	NULL	NULL
75108	3683	NULL	NULL
75108	3699	NULL	NULL
75108	3700	NULL	NULL
75108	3701	NULL	NULL
75108	3704	NULL	NULL
75108	3710	NULL	NULL
75108	3711	NULL	NULL
75108	3712		NULL
75108	3715	NULL	NULL
75108	3718	NULL	NULL
75108	3725	NULL	NULL
75108	3726		NULL
75108	3727	NULL	NULL
75108	3728	NULL	NULL
75108	3734	NULL	NULL
75108	3735	NULL	NULL
75108	3737		NULL
75108	3740	NULL	NULL
75108	3745	NULL	NULL
75108	3746	NULL	NULL
75108	3748	NULL	NULL
75108	3752	NULL	NULL
75108	3754	NULL	NULL
75108	3756	NULL	NULL
75108	3762	NULL	NULL
75108	3763	NULL	NULL
75108	3770		NULL
75108	3773		NULL
75108	3779	NULL	NULL
75108	3782	NULL	NULL
75108	3787	NULL	NULL
75108	3790	NULL	NULL
75108	3793	NULL	NULL
75108	3794	NULL	NULL
75108	3797	NULL	NULL
75108	3798	NULL	NULL
75108	3801		NULL
75108	3805	NULL	NULL
75108	3807	NULL	NULL
75108	3810	NULL	NULL
75108	3812		NULL
75108	3814	NULL	NULL
75108	3819	NULL	NULL
75108	3823	NULL	NULL
75108	3824	NULL	NULL
75108	3838	NULL	NULL
75108	3845	NULL	NULL
75108	3848	NULL	NULL
75108	3852	NULL	NULL
75108	3855	NULL	NULL
75108	3856	NULL	NULL
75108	3859	NULL	NULL
75108	3860	NULL	NULL
75108	3863		NULL
75108	3864	NULL	NULL
75108	3867	NULL	NULL
75108	3872	NULL	NULL
75108	3874	NULL	NULL
75108	3900		NULL
75108	3903		NULL
75108	3906		NULL
75108	3920		NULL
75108	3952		NULL
75108	3957		NULL
75108	4143		NULL
75108	4162		NULL
75108	4199		NULL
75108	4221		NULL
75108	4294		NULL
75108	4297		NULL
75108	4305	NULL	NULL
75108	4340		NULL
75108	4420	NULL	NULL
75108	4450	NULL	NULL
75108	4526		NULL
75108	4551		NULL
75108	4558		NULL
75108	4563		NULL
75108	4813		NULL
75108	4837	NULL	NULL
75108	4838	NULL	NULL
75108	4839	NULL	NULL
75108	4845		NULL
75108	4926		NULL
75108	4965		NULL
75108	4966		NULL
75108	4967		NULL
75108	4968		NULL
75108	4969		NULL
75108	5060	NULL	NULL
75108	5062	NULL	NULL
75108	5063	NULL	NULL
75108	5064	NULL	NULL
75108	5065	NULL	NULL
75108	5066	NULL	NULL
75108	5067	NULL	NULL
75108	5071	NULL	NULL
75108	5073	NULL	NULL
75108	5074	NULL	NULL
75108	5076	NULL	NULL
75108	5077	NULL	NULL
75108	5079	NULL	NULL
75108	5082	NULL	NULL
75108	5083	NULL	NULL
75108	5084	NULL	NULL
75108	5085	NULL	NULL
75108	5091	NULL	NULL
75108	5093	NULL	NULL
75108	5096	NULL	NULL
75108	5098	NULL	NULL
75108	5100	NULL	NULL
75108	5102	NULL	NULL
75108	5103	NULL	NULL
75108	5105	NULL	NULL
75108	5107	NULL	NULL
75108	5109	NULL	NULL
75108	5110	NULL	NULL
75108	5111	NULL	NULL
75108	5114	NULL	NULL
75108	5116	NULL	NULL
75108	5120	NULL	NULL
75108	5121	NULL	NULL
75108	5122	NULL	NULL
75108	5123	NULL	NULL
75108	5124	NULL	NULL
75108	5125	NULL	NULL
75108	5126	NULL	NULL
75108	5158	NULL	NULL
75108	5163	NULL	NULL
75108	5164	NULL	NULL
75108	5167	NULL	NULL
75108	5169	NULL	NULL
75108	5171	NULL	NULL
75108	5176	NULL	NULL
75108	5179	NULL	NULL
75108	5180	NULL	NULL
75108	5181	NULL	NULL
75108	5184	NULL	NULL
75108	5186	NULL	NULL
75108	5251	NULL	NULL
75108	5252	NULL	NULL
75108	5253	NULL	NULL
75108	5254	NULL	NULL
75108	5256	NULL	NULL
75108	5257	NULL	NULL
75108	5258	NULL	NULL
75108	5259	NULL	NULL
75108	5260		NULL
75108	5261	NULL	NULL
75108	5262	NULL	NULL
75108	5263	NULL	NULL
75108	5266	NULL	NULL
75108	5267	NULL	NULL
75108	5268	NULL	NULL
75108	5269	NULL	NULL
75108	5270	NULL	NULL
75108	5271	NULL	NULL
75108	5272	NULL	NULL
75108	5273	NULL	NULL
75108	5336	NULL	NULL
75108	5338	NULL	NULL
75108	5341	NULL	NULL
75108	5343	NULL	NULL
75108	5344	NULL	NULL
75108	5354	NULL	NULL
75108	5357	NULL	NULL
75108	5359	NULL	NULL
75108	5360	NULL	NULL
75108	5361	NULL	NULL
75108	5362	NULL	NULL
75108	5363	NULL	NULL
75108	5365	NULL	NULL
75108	5366	NULL	NULL
75108	5367	NULL	NULL
75108	5368	NULL	NULL
75108	5369	NULL	NULL
75108	5370	NULL	NULL
75108	5371	NULL	NULL
75108	5372	NULL	NULL
75108	5373	NULL	NULL
75108	5374	NULL	NULL
75108	5375	NULL	NULL
75108	5376	NULL	NULL
75108	5377	NULL	NULL
75108	5378	NULL	NULL
75108	5383	NULL	NULL
75108	5384	NULL	NULL
75108	5385	NULL	NULL
75108	5386	NULL	NULL
75108	5387	NULL	NULL
75108	5388	NULL	NULL
75108	5389	NULL	NULL
75108	5390	NULL	NULL
75108	5391	NULL	NULL
75108	5392	NULL	NULL
75108	5393	NULL	NULL
75108	5394	NULL	NULL
75108	5395	NULL	NULL
75108	5401	NULL	NULL
75108	5402	NULL	NULL
75108	5403	NULL	NULL
75108	5404	NULL	NULL
75108	5405	NULL	NULL
75108	5406	NULL	NULL
75108	5408	NULL	NULL
75108	5411	NULL	NULL
75108	5412	NULL	NULL
75108	5413	NULL	NULL
75108	5414	NULL	NULL
75108	5415	NULL	NULL
75108	5416	NULL	NULL
75108	5417	NULL	NULL
75108	5418	NULL	NULL
75108	5419	NULL	NULL
75108	5420	NULL	NULL
75108	5421	NULL	NULL
75108	5422	NULL	NULL
75108	5423	NULL	NULL
75108	5424	NULL	NULL
75108	5426	NULL	NULL
75108	5427	NULL	NULL
75108	5430	NULL	NULL
75108	5431		NULL
75108	5432		NULL
75108	5433	NULL	NULL
75108	5434		NULL
75108	5435	NULL	NULL
75108	5437		NULL
75108	5440		NULL
75108	5442	NULL	NULL
75108	5444	NULL	NULL
75108	5446	NULL	NULL
75108	5448	NULL	NULL
75108	5451	NULL	NULL
75108	5453	NULL	NULL
75108	5531		NULL
75108	5546		NULL
75108	5550		NULL
75108	5554	NULL	NULL
75108	5556	NULL	NULL
75108	5557	NULL	NULL
75108	5558	NULL	NULL
75108	5559	NULL	NULL
75108	5560	NULL	NULL
75108	5561	NULL	NULL
75108	5562	NULL	NULL
75108	5563	NULL	NULL
75108	5564	NULL	NULL
75108	5565	NULL	NULL
75108	5566	NULL	NULL
75108	5660	NULL	NULL
75108	5661	NULL	NULL
75108	5662	NULL	NULL
75108	5663	NULL	NULL
75108	5664	NULL	NULL
75108	5665	NULL	NULL
75108	5672	NULL	NULL
75108	5674	NULL	NULL
75108	5676	NULL	NULL
75108	5677	NULL	NULL
75108	5678	NULL	NULL
75108	5679	NULL	NULL
75108	5741	NULL	NULL
75108	5742	NULL	NULL
75108	5743	NULL	NULL
75108	5744	NULL	NULL
75108	5745	NULL	NULL
75108	5746	NULL	NULL
75108	5781	NULL	NULL
75108	5782	NULL	NULL
75108	5784	NULL	NULL
75108	5786	NULL	NULL
75108	5787	NULL	NULL
75108	5788	NULL	NULL
75108	5789	NULL	NULL
75108	5790	NULL	NULL
75108	5791	NULL	NULL
75108	5792	NULL	NULL
75108	5793	NULL	NULL
75108	5794	NULL	NULL
75108	5804	NULL	NULL
75108	5805	NULL	NULL
75108	5806	NULL	NULL
75108	5808	NULL	NULL
75108	5810	NULL	NULL
75108	5811	NULL	NULL
75108	5813	NULL	NULL
75108	5815	NULL	NULL
75108	5816	NULL	NULL
75108	5818	NULL	NULL
75108	5819	NULL	NULL
75108	5820	NULL	NULL
75108	5821	NULL	NULL
75108	5831	NULL	NULL
75108	5832	NULL	NULL
75108	5833	NULL	NULL
75108	5834	NULL	NULL
75108	5835	NULL	NULL
75108	5836	NULL	NULL
75108	5902		NULL
75108	5922	NULL	NULL
75108	5925	NULL	NULL
75108	5926	NULL	NULL
75108	5928	NULL	NULL
75108	5929	NULL	NULL
75108	5930	NULL	NULL
75108	5931	NULL	NULL
75108	5932	NULL	NULL
75108	5933	NULL	NULL
75108	5934	NULL	NULL
75108	5935	NULL	NULL
75108	5936	NULL	NULL
75108	5937	NULL	NULL
75108	5938	NULL	NULL
75108	5939	NULL	NULL
75108	5940	NULL	NULL
75108	5942	NULL	NULL
75108	5943	NULL	NULL
75108	5944	NULL	NULL
75108	5945	NULL	NULL
75108	5946	NULL	NULL
75108	5947	NULL	NULL
75108	5952	NULL	NULL
75108	5953	NULL	NULL
75108	5954	NULL	NULL
75108	5955	NULL	NULL
75108	5956	NULL	NULL
75108	5957	NULL	NULL
75108	5958	NULL	NULL
75108	5959	NULL	NULL
75108	5960	NULL	NULL
75108	5961	NULL	NULL
75108	5962	NULL	NULL
75108	5963	NULL	NULL
75108	5964	NULL	NULL
75108	5965	NULL	NULL
75108	5966	NULL	NULL
75108	5967	NULL	NULL
75108	5968	NULL	NULL
75108	5969	NULL	NULL
75108	5971	NULL	NULL
75108	5972	NULL	NULL
75108	5973	NULL	NULL
75108	5974	NULL	NULL
75108	5975	NULL	NULL
75108	5976	NULL	NULL
75108	5977	NULL	NULL
75108	5999	NULL	NULL
75108	6000	NULL	NULL
75108	6001	NULL	NULL
75108	6002	NULL	NULL
75108	6003	NULL	NULL
75108	6004	NULL	NULL
75108	6006	NULL	NULL
75108	6008	NULL	NULL
75108	6009	NULL	NULL
75108	6010	NULL	NULL
75108	6012	NULL	NULL
75108	6013	NULL	NULL
75108	6014	NULL	NULL
75108	6016	NULL	NULL
75108	6024	NULL	NULL
75108	6025	NULL	NULL
75108	6026	NULL	NULL
75108	6027	NULL	NULL
75108	6028	NULL	NULL
75108	6030	NULL	NULL
75108	6031	NULL	NULL
75108	6032	NULL	NULL
75108	6033	NULL	NULL
75108	6034	NULL	NULL
75108	6036	NULL	NULL
75108	6040	NULL	NULL
75108	6042	NULL	NULL
75108	6045	NULL	NULL
75108	6048	NULL	NULL
75108	6049	NULL	NULL
75108	6050	NULL	NULL
75108	6051	NULL	NULL
75108	6052	NULL	NULL
75108	6053	NULL	NULL
75108	6054	NULL	NULL
75108	6055	NULL	NULL
75108	6056	NULL	NULL
75108	6058	NULL	NULL
75108	6059	NULL	NULL
75108	6060	NULL	NULL
75108	6061	NULL	NULL
75108	6062	NULL	NULL
75108	6063	NULL	NULL
75108	6064	NULL	NULL
75108	6065	NULL	NULL
75108	6067	NULL	NULL
75108	6068	NULL	NULL
75108	6069	NULL	NULL
75108	6070	NULL	NULL
75108	6071	NULL	NULL
75108	6072	NULL	NULL
75108	6073	NULL	NULL
75108	6075	NULL	NULL
75108	6076	NULL	NULL
75108	6078	NULL	NULL
75108	6081	NULL	NULL
75108	6083	NULL	NULL
75108	6084	NULL	NULL
75108	6089	NULL	NULL
75108	6090	NULL	NULL
75108	6091	NULL	NULL
75108	6092	NULL	NULL
75108	6093	NULL	NULL
75108	6094	NULL	NULL
75108	6096	NULL	NULL
75108	6097	NULL	NULL
75108	6098	NULL	NULL
75108	6099	NULL	NULL
75108	6100	NULL	NULL
75108	6101	NULL	NULL
75108	6102	NULL	NULL
75108	6103	NULL	NULL
75108	6104	NULL	NULL
75108	6105	NULL	NULL
75108	6106	NULL	NULL
75108	6107	NULL	NULL
75108	6108	NULL	NULL
75108	6109	NULL	NULL
75108	6110	NULL	NULL
75108	6111	NULL	NULL
75108	6112	NULL	NULL
75108	6113	NULL	NULL
75108	6114	NULL	NULL
75108	6118	NULL	NULL
75108	6119	NULL	NULL
75108	6120	NULL	NULL
75108	6121	NULL	NULL
75108	6122	NULL	NULL
75108	6123	NULL	NULL
75108	6137		NULL
75108	6138	NULL	NULL
75108	6139	NULL	NULL
75108	6140	NULL	NULL
75108	6141	NULL	NULL
75108	6142	NULL	NULL
75108	6143	NULL	NULL
75108	6144	NULL	NULL
75108	6145	NULL	NULL
75108	6146	NULL	NULL
75108	6147	NULL	NULL
75108	6148	NULL	NULL
75108	6149	NULL	NULL
75108	6150	NULL	NULL
75108	6151	NULL	NULL
75108	6152	NULL	NULL
75108	6153	NULL	NULL
75108	6154	NULL	NULL
75108	6155		NULL
75108	6156	NULL	NULL
75108	6157	NULL	NULL
75108	6158	NULL	NULL
75108	6160	NULL	NULL
75108	6161	NULL	NULL
75108	6162	NULL	NULL
75108	6163	NULL	NULL
75108	6164	NULL	NULL
75108	6165	NULL	NULL
75108	6166	NULL	NULL
75108	6167	NULL	NULL
75108	6168	NULL	NULL
75108	6169	NULL	NULL
75108	6170	NULL	NULL
75108	6171	NULL	NULL
75108	6172	NULL	NULL
75108	6173	NULL	NULL
75108	6174	NULL	NULL
75108	6176	NULL	NULL
75108	6179	NULL	NULL
75108	6181	NULL	NULL
75108	6182	NULL	NULL
75108	6183		NULL
75108	6185	NULL	NULL
75108	6186	NULL	NULL
75108	6187	NULL	NULL
75108	6188	NULL	NULL
75108	6189	NULL	NULL
75108	6190	NULL	NULL
75108	6218	NULL	NULL
75108	6219	NULL	NULL
75108	6221	NULL	NULL
75108	6222	NULL	NULL
75108	6223	NULL	NULL
75108	6225	NULL	NULL
75108	6227	NULL	NULL
75108	6228	NULL	NULL
75108	6229	NULL	NULL
75108	6231	NULL	NULL
75108	6232	NULL	NULL
75108	6233	NULL	NULL
75108	6254		NULL
75108	6279	NULL	NULL
75108	6281	NULL	NULL
75108	6284		NULL
75108	6287	NULL	NULL
75108	6290	NULL	NULL
75108	6291	NULL	NULL
75108	6294	NULL	NULL
75108	6296	NULL	NULL
75108	6298		NULL
75108	6386	NULL	NULL
75108	6464	NULL	NULL
75108	6471	NULL	NULL
75108	6475	NULL	NULL
75108	6477	NULL	NULL
75108	6478	NULL	NULL
75108	6480	NULL	NULL
75108	6482	NULL	NULL
75108	6483	NULL	NULL
75108	6484	NULL	NULL
75108	6485	NULL	NULL
75108	6486	NULL	NULL
75108	6491	NULL	NULL
75108	6492	NULL	NULL
75108	6493	NULL	NULL
75108	6494	NULL	NULL
75108	6496	NULL	NULL
75108	6497	NULL	NULL
75108	6498	NULL	NULL
75108	6507	NULL	NULL
75108	6508	NULL	NULL
75108	6509	NULL	NULL
75108	6510	NULL	NULL
75108	6573	NULL	NULL
75108	6575	NULL	NULL
75108	6576	NULL	NULL
75108	6577	NULL	NULL
75108	6578	NULL	NULL
75108	6579	NULL	NULL
75108	6582	NULL	NULL
75108	6583	NULL	NULL
75108	6584	NULL	NULL
75108	6585	NULL	NULL
75108	6586	NULL	NULL
75108	6587	NULL	NULL
75108	6588	NULL	NULL
75108	6589	NULL	NULL
75108	6590	NULL	NULL
75108	6591	NULL	NULL
75108	6593	NULL	NULL
75108	6594	NULL	NULL
75108	6595	NULL	NULL
75108	6596	NULL	NULL
75108	6598	NULL	NULL
75108	6599	NULL	NULL
75108	6600	NULL	NULL
75108	6601	NULL	NULL
75108	6602	NULL	NULL
75108	6646		NULL
75108	6669	NULL	NULL
75108	6671	NULL	NULL
75108	6674	NULL	NULL
75108	6678	NULL	NULL
75108	6685	NULL	NULL
75108	6687	NULL	NULL
75108	6689	NULL	NULL
75108	6693	NULL	NULL
75108	6696	NULL	NULL
75108	6698	NULL	NULL
75108	6705	NULL	NULL
75108	6707	NULL	NULL
75108	6709	NULL	NULL
75108	6711	NULL	NULL
75108	6713	NULL	NULL
75108	6715	NULL	NULL
75108	6716	NULL	NULL
75108	6718		NULL
75108	6726	NULL	NULL
75108	6727	NULL	NULL
75108	6729	NULL	NULL
75108	6732	NULL	NULL
75108	6737	NULL	NULL
75108	6742	NULL	NULL
75108	6744	NULL	NULL
75108	6746	NULL	NULL
75108	6748	NULL	NULL
75108	6756	NULL	NULL
75108	6758	NULL	NULL
75108	6761	NULL	NULL
75108	6764	NULL	NULL
75108	6765	NULL	NULL
75108	6766	NULL	NULL
75108	6767	NULL	NULL
75108	6768	NULL	NULL
75108	6769	NULL	NULL
75108	6770	NULL	NULL
75108	6771	NULL	NULL
75108	6773	NULL	NULL
75108	6774	NULL	NULL
75108	6782	NULL	NULL
75108	6784	NULL	NULL
75108	6785	NULL	NULL
75108	6786	NULL	NULL
75108	6787	NULL	NULL
75108	6788	NULL	NULL
75108	6789	NULL	NULL
75108	6790	NULL	NULL
75108	6791	NULL	NULL
75108	6792	NULL	NULL
75108	6794	NULL	NULL
75108	6795	NULL	NULL
75108	6797	NULL	NULL
75108	6807	NULL	NULL
75108	6808	NULL	NULL
75108	6809	NULL	NULL
75108	6878	NULL	NULL
75108	6880	NULL	NULL
75108	6882	NULL	NULL
75108	6884	NULL	NULL
75108	6886	NULL	NULL
75108	6888	NULL	NULL
75108	6889	NULL	NULL
75108	6890	NULL	NULL
75108	6891	NULL	NULL
75108	6893	NULL	NULL
75108	6895	NULL	NULL
75108	6896	NULL	NULL
75108	6898	NULL	NULL
75108	6899	NULL	NULL
75108	6900	NULL	NULL
75108	6902	NULL	NULL
75108	6903	NULL	NULL
75108	6904	NULL	NULL
75108	6906	NULL	NULL
75108	6908	NULL	NULL
75108	6909	NULL	NULL
75108	6910	NULL	NULL
75108	6912	NULL	NULL
75108	6913	NULL	NULL
75108	6915	NULL	NULL
75108	6918	NULL	NULL
75108	6919	NULL	NULL
75108	6920	NULL	NULL
75108	6921	NULL	NULL
75108	6922	NULL	NULL
75108	6923	NULL	NULL
75108	6925	NULL	NULL
75108	6926	NULL	NULL
75108	6927	NULL	NULL
75108	6929	NULL	NULL
75108	6931	NULL	NULL
75108	6934	NULL	NULL
75108	6936	NULL	NULL
75108	6938	NULL	NULL
75108	6940	NULL	NULL
75108	6948	NULL	NULL
75108	6951	NULL	NULL
75108	6953	NULL	NULL
75108	6954	NULL	NULL
75108	6957	NULL	NULL
75108	6958	NULL	NULL
75108	6960	NULL	NULL
75108	6961	NULL	NULL
75108	6962	NULL	NULL
75108	6963	NULL	NULL
75108	6965	NULL	NULL
75108	6966	NULL	NULL
75108	6967	NULL	NULL
75108	6969	NULL	NULL
75108	6973	NULL	NULL
75108	6974	NULL	NULL
75108	6975	NULL	NULL
75108	6976	NULL	NULL
75108	6977	NULL	NULL
75108	6978	NULL	NULL
75108	6979	NULL	NULL
75108	6980	NULL	NULL
75108	6981	NULL	NULL
75108	6982	NULL	NULL
75108	6983	NULL	NULL
75108	6984	NULL	NULL
75108	6985	NULL	NULL
75108	6986	NULL	NULL
75108	6987	NULL	NULL
75108	6993	NULL	NULL
75108	6994	NULL	NULL
75108	6996	NULL	NULL
75108	6997	NULL	NULL
75108	6998	NULL	NULL
75108	6999	NULL	NULL
75108	7000	NULL	NULL
75108	7001	NULL	NULL
75108	7002	NULL	NULL
75108	7003	NULL	NULL
75108	7004	NULL	NULL
75108	7006	NULL	NULL
75108	7007	NULL	NULL
75108	7008	NULL	NULL
75108	7009	NULL	NULL
75108	7010	NULL	NULL
75108	7011	NULL	NULL
75108	7012	NULL	NULL
75108	7013	NULL	NULL
75108	7014	NULL	NULL
75108	7015	NULL	NULL
75108	7017	NULL	NULL
75108	7018	NULL	NULL
75108	7019	NULL	NULL
75108	7022	NULL	NULL
75108	7024	NULL	NULL
75108	7025	NULL	NULL
75108	7031	NULL	NULL
75108	7033	NULL	NULL
75108	7034	NULL	NULL
75108	7035	NULL	NULL
75108	7036	NULL	NULL
75108	7037	NULL	NULL
75108	7038	NULL	NULL
75108	7039	NULL	NULL
75108	7040	NULL	NULL
75108	7041	NULL	NULL
75108	7042	NULL	NULL
75108	7043	NULL	NULL
75108	7144	NULL	NULL
75108	7146	NULL	NULL
75108	7148	NULL	NULL
75108	7150	NULL	NULL
75108	7157	NULL	NULL
75108	7159	NULL	NULL
75108	7163	NULL	NULL
75108	7164	NULL	NULL
75108	7165	NULL	NULL
75108	7166	NULL	NULL
75108	7167	NULL	NULL
75108	7168	NULL	NULL
75108	7170	NULL	NULL
75108	7173	NULL	NULL
75108	7176	NULL	NULL
75108	7178	NULL	NULL
75108	7181	NULL	NULL
75108	7182	NULL	NULL
75108	7184	NULL	NULL
75108	7187	NULL	NULL
75108	7188	NULL	NULL
75108	7189	NULL	NULL
75108	7190	NULL	NULL
75108	7191	NULL	NULL
75108	7192	NULL	NULL
75108	7193	NULL	NULL
75108	7194	NULL	NULL
75108	7195	NULL	NULL
75108	7198	NULL	NULL
75108	7199	NULL	NULL
75108	7219	NULL	NULL
75108	7220	NULL	NULL
75108	7221	NULL	NULL
75108	7222	NULL	NULL
75108	7223	NULL	NULL
75108	7225	NULL	NULL
75108	7226	NULL	NULL
75108	7227	NULL	NULL
75108	7228	NULL	NULL
75108	7229	NULL	NULL
75108	7230	NULL	NULL
75108	7231	NULL	NULL
75108	7232	NULL	NULL
75108	7233	NULL	NULL
75108	7234	NULL	NULL
75108	7235	NULL	NULL
75108	7236	NULL	NULL
75108	7237	NULL	NULL
75108	7238	NULL	NULL
75108	7239	NULL	NULL
75108	7240	NULL	NULL
75108	7252	NULL	NULL
75108	7253	NULL	NULL
75108	7254	NULL	NULL
75108	7255	NULL	NULL
75108	7256	NULL	NULL
75108	7257	NULL	NULL
75108	7258	NULL	NULL
75108	7259	NULL	NULL
75108	7260	NULL	NULL
75108	7261	NULL	NULL
75108	7262	NULL	NULL
75108	7263	NULL	NULL
75108	7264	NULL	NULL
75108	7265	NULL	NULL
75108	7266	NULL	NULL
75108	7267	NULL	NULL
75108	7268	NULL	NULL
75108	7269	NULL	NULL
75108	7302	NULL	NULL
75108	7303	NULL	NULL
75108	7304	NULL	NULL
75108	7306	NULL	NULL
75108	7307	NULL	NULL
75108	7308	NULL	NULL
75108	7309	NULL	NULL
75108	7310	NULL	NULL
75108	7351	NULL	NULL
75108	7353		NULL
75108	7362		NULL
75108	7426	NULL	NULL
75108	7427	NULL	NULL
75108	7428	NULL	NULL
75108	7429	NULL	NULL
75108	7430		NULL
75108	7431	NULL	NULL
75108	7432	NULL	NULL
75108	7433	NULL	NULL
75108	7434		NULL
75108	7436	NULL	NULL
75108	7451	NULL	NULL
75108	7452	NULL	NULL
75108	7463	NULL	NULL
75108	7465	NULL	NULL
75108	7484	NULL	NULL
75108	7486	NULL	NULL
75108	7490	NULL	NULL
75108	7492	NULL	NULL
75108	7494	NULL	NULL
75108	7499	NULL	NULL
75108	7503	NULL	NULL
75108	7505	NULL	NULL
75108	7506	NULL	NULL
75108	7508	NULL	NULL
75108	7509	NULL	NULL
75108	7511	NULL	NULL
75108	7514	NULL	NULL
75108	7515	NULL	NULL
75108	7517	NULL	NULL
75108	7518	NULL	NULL
75108	7519	NULL	NULL
75108	7520	NULL	NULL
75108	7521	NULL	NULL
75108	7522	NULL	NULL
75108	7523	NULL	NULL
75108	7524	NULL	NULL
75108	7525	NULL	NULL
75108	7526	NULL	NULL
75108	7527	NULL	NULL
75108	7528	NULL	NULL
75108	7529	NULL	NULL
75108	7530	NULL	NULL
75108	7531	NULL	NULL
75108	7532	NULL	NULL
75108	7533	NULL	NULL
75108	7534	NULL	NULL
75108	7535	NULL	NULL
75108	7536	NULL	NULL
75108	7537	NULL	NULL
75108	7538	NULL	NULL
75108	7539	NULL	NULL
75108	7540	NULL	NULL
75108	7541	NULL	NULL
75108	7543	NULL	NULL
75108	7544	NULL	NULL
75108	7545	NULL	NULL
75108	7546	NULL	NULL
75108	7547	NULL	NULL
75108	7548	NULL	NULL
75108	7550	NULL	NULL
75108	7551	NULL	NULL
75108	7552	NULL	NULL
75108	7553	NULL	NULL
75108	7597	NULL	NULL
75108	7598	NULL	NULL
75108	7600	NULL	NULL
75108	7601	NULL	NULL
75108	7602	NULL	NULL
75108	7603	NULL	NULL
75108	7605	NULL	NULL
75108	7606	NULL	NULL
75108	7608	NULL	NULL
75108	7609	NULL	NULL
75108	7610	NULL	NULL
75108	7612	NULL	NULL
75108	7616	NULL	NULL
75108	7617	NULL	NULL
75108	7618	NULL	NULL
75108	7619	NULL	NULL
75108	7620	NULL	NULL
75108	7621	NULL	NULL
75108	7622	NULL	NULL
75108	7623	NULL	NULL
75108	7624	NULL	NULL
75108	7627	NULL	NULL
75108	7628	NULL	NULL
75108	7629	NULL	NULL
75108	7630	NULL	NULL
75108	7631	NULL	NULL
75108	7632	NULL	NULL
75108	7633	NULL	NULL
75108	7634	NULL	NULL
75108	7635	NULL	NULL
75108	7636	NULL	NULL
75108	7637	NULL	NULL
75108	7638	NULL	NULL
75108	7640	NULL	NULL
75108	7641	NULL	NULL
75108	7642	NULL	NULL
75108	7645	NULL	NULL
75108	7652	NULL	NULL
75108	7654	NULL	NULL
75108	7657	NULL	NULL
75108	7658	NULL	NULL
75108	7661	NULL	NULL
75108	7663	NULL	NULL
75108	7666	NULL	NULL
75108	7668	NULL	NULL
75108	7671	NULL	NULL
75108	7674	NULL	NULL
75108	7675	NULL	NULL
75108	7676	NULL	NULL
75108	7677	NULL	NULL
75108	7678	NULL	NULL
75108	7679	NULL	NULL
75108	7680	NULL	NULL
75108	7681	NULL	NULL
75108	7682	NULL	NULL
75108	7683	NULL	NULL
75108	7684	NULL	NULL
75108	7685	NULL	NULL
75108	7686	NULL	NULL
75108	7687	NULL	NULL
75108	7688	NULL	NULL
75108	7689	NULL	NULL
75108	7690	NULL	NULL
75108	7691	NULL	NULL
75108	7692	NULL	NULL
75108	7693	NULL	NULL
75108	7694	NULL	NULL
75108	7695	NULL	NULL
75108	7698	NULL	NULL
75108	7699	NULL	NULL
75108	7700	NULL	NULL
75108	7705	NULL	NULL
75108	7706	NULL	NULL
75108	7707	NULL	NULL
75108	7708	NULL	NULL
75108	7709	NULL	NULL
75108	7721	NULL	NULL
75108	7722	NULL	NULL
75108	7723	NULL	NULL
75108	7724	NULL	NULL
75108	7725	NULL	NULL
75108	7726	NULL	NULL
75108	7728	NULL	NULL
75108	7729	NULL	NULL
75108	7730	NULL	NULL
75108	7731	NULL	NULL
75108	7732	NULL	NULL
75108	7733	NULL	NULL
75108	7734	NULL	NULL
75108	7736	NULL	NULL
75108	7737	NULL	NULL
75108	7738	NULL	NULL
75108	7744	NULL	NULL
75108	7745	NULL	NULL
75108	7746	NULL	NULL
75108	7747	NULL	NULL
75108	7748	NULL	NULL
75108	7749	NULL	NULL
75108	7750	NULL	NULL
75108	7866	NULL	NULL
75108	7867	NULL	NULL
75108	7868	NULL	NULL
75108	7869	NULL	NULL
75108	7870	NULL	NULL
75108	7871	NULL	NULL
75108	7872	NULL	NULL
75108	7873	NULL	NULL
75108	7885	NULL	NULL
75108	7886	NULL	NULL
75108	7887	NULL	NULL
75108	7906	NULL	NULL
75108	7907	NULL	NULL
75108	7908	NULL	NULL
75108	7909	NULL	NULL
75108	7910	NULL	NULL
75108	7911	NULL	NULL
75108	7912	NULL	NULL
75108	7913	NULL	NULL
75108	7914	NULL	NULL
75108	7915	NULL	NULL
75108	7916	NULL	NULL
75108	7918	NULL	NULL
75108	7919	NULL	NULL
75108	7920	NULL	NULL
75108	7940	NULL	NULL
75108	7941	NULL	NULL
75108	7954	NULL	NULL
75108	7955	NULL	NULL
75108	7957	NULL	NULL
75108	7960	NULL	NULL
75108	7974	NULL	NULL
75108	7975	NULL	NULL
75108	7976	NULL	NULL
75108	7977	NULL	NULL
75108	8061	NULL	NULL
75108	8062	NULL	NULL
75108	8063	NULL	NULL
75108	8065	NULL	NULL
75108	8066	NULL	NULL
75108	8067	NULL	NULL
75108	8068	NULL	NULL
75108	8069	NULL	NULL
75108	8070	NULL	NULL
75108	8071	NULL	NULL
75108	8072	NULL	NULL
75108	8073	NULL	NULL
75108	8074	NULL	NULL
75108	8075	NULL	NULL
75108	8076	NULL	NULL
75108	8077	NULL	NULL
75108	8078	NULL	NULL
75108	8079	NULL	NULL
75108	8080	NULL	NULL
75108	8081		NULL
75108	8082	NULL	NULL
75108	8083	NULL	NULL
75108	8084	NULL	NULL
75108	8086	NULL	NULL
75108	8087	NULL	NULL
75108	8088	NULL	NULL
75108	8089	NULL	NULL
75108	8090	NULL	NULL
75108	8091	NULL	NULL
75108	8092	NULL	NULL
75108	8093	NULL	NULL
75108	8094	NULL	NULL
75108	8095	NULL	NULL
75108	8096	NULL	NULL
75108	8098		NULL
75108	8099		NULL
75108	8114		NULL
75108	8153		NULL
75108	8231		NULL
75108	8232		NULL
75108	8234		NULL
75108	8256	NULL	NULL
75108	8258	NULL	NULL
75108	8260	NULL	NULL
75108	8261	NULL	NULL
75108	8269	NULL	NULL
75108	8272	NULL	NULL
75108	8274	NULL	NULL
75108	8276	NULL	NULL
75108	8278	NULL	NULL
75108	8281	NULL	NULL
75108	8285	NULL	NULL
75108	8287	NULL	NULL
75108	8290	NULL	NULL
75108	8293	NULL	NULL
75108	8295	NULL	NULL
75108	8297	NULL	NULL
75108	8299	NULL	NULL
75108	8305	NULL	NULL
75108	8308	NULL	NULL
75108	8311	NULL	NULL
75108	8329	NULL	NULL
75108	8332	NULL	NULL
75108	8333	NULL	NULL
75108	8334	NULL	NULL
75108	8335		NULL
75108	8336	NULL	NULL
75108	8337	NULL	NULL
75108	8338	NULL	NULL
75108	8339	NULL	NULL
75108	8342	NULL	NULL
75108	8343	NULL	NULL
75108	8344	NULL	NULL
75108	8345	NULL	NULL
75108	8347	NULL	NULL
75108	8349	NULL	NULL
75108	8350	NULL	NULL
75108	8351	NULL	NULL
75108	8353	NULL	NULL
75108	8354	NULL	NULL
75108	8355	NULL	NULL
75108	8356	NULL	NULL
75108	8357	NULL	NULL
75108	8404	NULL	NULL
75108	8428	NULL	NULL
75108	8429	NULL	NULL
75108	8561	NULL	NULL
75108	8562	NULL	NULL
75108	8563	NULL	NULL
75108	8564	NULL	NULL
75108	8565	NULL	NULL
75108	8566	NULL	NULL
75108	8567	NULL	NULL
75108	8568	NULL	NULL
75108	8569	NULL	NULL
75108	8570	NULL	NULL
75108	8572	NULL	NULL
75108	8587	NULL	NULL
75108	8588	NULL	NULL
75108	8589	NULL	NULL
75108	8590	NULL	NULL
75108	8591	NULL	NULL
75108	8592	NULL	NULL
75108	8593	NULL	NULL
75108	8594	NULL	NULL
75108	8595	NULL	NULL
75108	8596	NULL	NULL
75108	8597	NULL	NULL
75108	8598	NULL	NULL
75108	8599	NULL	NULL
75108	8600	NULL	NULL
75108	8601	NULL	NULL
75108	8602	NULL	NULL
75108	8603	NULL	NULL
75108	8604	NULL	NULL
75108	8605	NULL	NULL
75108	8606	NULL	NULL
75108	8607	NULL	NULL
75108	8608	NULL	NULL
75108	8609	NULL	NULL
75108	8610	NULL	NULL
75108	8611	NULL	NULL
75108	8613	NULL	NULL
75108	8614	NULL	NULL
75108	8615	NULL	NULL
75108	8616	NULL	NULL
75108	8617	NULL	NULL
75108	8620	NULL	NULL
75108	8621	NULL	NULL
75108	8622	NULL	NULL
75108	8623	NULL	NULL
75108	8624	NULL	NULL
75108	8625	NULL	NULL
75108	8627	NULL	NULL
75108	8628	NULL	NULL
75108	8630	NULL	NULL
75108	8631	NULL	NULL
75108	8632	NULL	NULL
75108	8644	NULL	NULL
75108	8658	NULL	NULL
75108	8659	NULL	NULL
75108	8664	NULL	NULL
75108	8666	NULL	NULL
75108	8667	NULL	NULL
75108	8670	NULL	NULL
75108	8671	NULL	NULL
75108	8672	NULL	NULL
75108	8673	NULL	NULL
75108	8674	NULL	NULL
75108	8683	NULL	NULL
75108	8685	NULL	NULL
75108	8686	NULL	NULL
75108	8687	NULL	NULL
75108	8692	NULL	NULL
75108	8693	NULL	NULL
75108	8694	NULL	NULL
75108	8695	NULL	NULL
75108	8696	NULL	NULL
75108	8697	NULL	NULL
75108	8698	NULL	NULL
75108	8699	NULL	NULL
75108	8700	NULL	NULL
75108	8701	NULL	NULL
75108	8702	NULL	NULL
75108	8735		NULL
75108	8736	NULL	NULL
75108	8737	NULL	NULL
75108	8738	NULL	NULL
75108	8739	NULL	NULL
75108	8741	NULL	NULL
75108	8742	NULL	NULL
75108	8743	NULL	NULL
75108	8744	NULL	NULL
75108	8745	NULL	NULL
75108	8749	NULL	NULL
75108	8750	NULL	NULL
75108	8752	NULL	NULL
75108	8753	NULL	NULL
75108	8754	NULL	NULL
75108	8755	NULL	NULL
75108	8757	NULL	NULL
75108	8759	NULL	NULL
75108	8760	NULL	NULL
75108	8762	NULL	NULL
75108	8775	NULL	NULL
75108	8777	NULL	NULL
75108	8778	NULL	NULL
75108	8779	NULL	NULL
75108	8781	NULL	NULL
75108	8782	NULL	NULL
75108	8783	NULL	NULL
75108	8785	NULL	NULL
75108	8786	NULL	NULL
75108	8788	NULL	NULL
75108	8789	NULL	NULL
75108	8790	NULL	NULL
75108	8792	NULL	NULL
75108	8793	NULL	NULL
75108	8794	NULL	NULL
75108	8795	NULL	NULL
75108	8796	NULL	NULL
75108	8797	NULL	NULL
75108	8798	NULL	NULL
75108	8802	NULL	NULL
75108	8803	NULL	NULL
75108	8804	NULL	NULL
75108	8805	NULL	NULL
75108	8806	NULL	NULL
75108	8807	NULL	NULL
75108	8808	NULL	NULL
75108	8809	NULL	NULL
75108	8810	NULL	NULL
75108	8815	NULL	NULL
75108	8816	NULL	NULL
75108	8817	NULL	NULL
75108	8832	NULL	NULL
75108	8834	NULL	NULL
75108	8836	NULL	NULL
75108	8838	NULL	NULL
75108	8841	NULL	NULL
75108	8842	NULL	NULL
75108	8843	NULL	NULL
75108	8844	NULL	NULL
75108	8845	NULL	NULL
75108	8846	NULL	NULL
75108	8847	NULL	NULL
75108	8848	NULL	NULL
75108	8849	NULL	NULL
75108	8866		NULL
75108	8870	NULL	NULL
75108	8873	NULL	NULL
75108	8875	NULL	NULL
75108	8876	NULL	NULL
75108	8877	NULL	NULL
75108	8878	NULL	NULL
75108	8879	NULL	NULL
75108	8880	NULL	NULL
75108	8881	NULL	NULL
75108	8882	NULL	NULL
75108	8883	NULL	NULL
75108	8884	NULL	NULL
75108	8885	NULL	NULL
75108	8886	NULL	NULL
75108	8887	NULL	NULL
75108	8888	NULL	NULL
75108	8889	NULL	NULL
75108	8890		NULL
75108	8891	NULL	NULL
75108	8892	NULL	NULL
75108	8893	NULL	NULL
75108	8894	NULL	NULL
75108	8895	NULL	NULL
75108	8896	NULL	NULL
75108	8897	NULL	NULL
75108	8898	NULL	NULL
75108	8900	NULL	NULL
75108	8902	NULL	NULL
75108	8903	NULL	NULL
75108	8904	NULL	NULL
75108	8905	NULL	NULL
75108	8906	NULL	NULL
75108	8907	NULL	NULL
75108	8908	NULL	NULL
75108	8909	NULL	NULL
75108	8910	NULL	NULL
75108	8911	NULL	NULL
75108	8912	NULL	NULL
75108	8913	NULL	NULL
75108	8914	NULL	NULL
75108	8915	NULL	NULL
75108	8917	NULL	NULL
75108	8918	NULL	NULL
75108	8920	NULL	NULL
75108	8921	NULL	NULL
75108	8922	NULL	NULL
75108	8931	NULL	NULL
75108	8932	NULL	NULL
75108	8933	NULL	NULL
75108	8934	NULL	NULL
75108	8935	NULL	NULL
75108	8936	NULL	NULL
75108	8937	NULL	NULL
75108	8938		NULL
75108	8942	NULL	NULL
75108	8943	NULL	NULL
75108	8956	NULL	NULL
75108	8957	NULL	NULL
75108	8958	NULL	NULL
75108	8959	NULL	NULL
75108	8960	NULL	NULL
75108	8961	NULL	NULL
75108	8962	NULL	NULL
75108	8963	NULL	NULL
75108	8964	NULL	NULL
75108	8965	NULL	NULL
75108	8966	NULL	NULL
75108	8967	NULL	NULL
75108	8972	NULL	NULL
75108	8980	NULL	NULL
75108	8996	NULL	NULL
75108	8997	NULL	NULL
75108	8998	NULL	NULL
75108	8999	NULL	NULL
75108	9001	NULL	NULL
75108	9007	NULL	NULL
75108	9008	NULL	NULL
75108	9009	NULL	NULL
75108	9010	NULL	NULL
75108	9011	NULL	NULL
75108	9012	NULL	NULL
75108	9014	NULL	NULL
75108	9015	NULL	NULL
75108	9016	NULL	NULL
75108	9017	NULL	NULL
75108	9018	NULL	NULL
75108	9019	NULL	NULL
75108	9020	NULL	NULL
75108	9021	NULL	NULL
75108	9023	NULL	NULL
75108	9025	NULL	NULL
75108	9026	NULL	NULL
75108	9027	NULL	NULL
75108	9032		NULL
75108	9038		NULL
75108	9042	NULL	NULL
75108	9051	NULL	NULL
75108	9052	NULL	NULL
75108	9053	NULL	NULL
75108	9055	NULL	NULL
75108	9056	NULL	NULL
75108	9057	NULL	NULL
75108	9064		NULL
75108	9068	NULL	NULL
75108	9069	NULL	NULL
75108	9071	NULL	NULL
75108	9072	NULL	NULL
75108	9073	NULL	NULL
75108	9074	NULL	NULL
75108	9075	NULL	NULL
75108	9076	NULL	NULL
75108	9077	NULL	NULL
75108	9078	NULL	NULL
75108	9083	NULL	NULL
75108	9095	NULL	NULL
75108	9096	NULL	NULL
75108	9097	NULL	NULL
75108	9098	NULL	NULL
75108	9109	NULL	NULL
75108	9110	NULL	NULL
75108	9111	NULL	NULL
75108	9112	NULL	NULL
75108	9113	NULL	NULL
75108	9114	NULL	NULL
75108	9116	NULL	NULL
75108	9123	NULL	NULL
75108	9128	NULL	NULL
75108	9129	NULL	NULL
75108	9131	NULL	NULL
75108	9132	NULL	NULL
75108	9133	NULL	NULL
75108	9135	NULL	NULL
75108	9136	NULL	NULL
75108	9137	NULL	NULL
75108	9138	NULL	NULL
75108	9144	NULL	NULL
75108	9145	NULL	NULL
75108	9147	NULL	NULL
75108	9148	NULL	NULL
75108	9149	NULL	NULL
75108	9150	NULL	NULL
75108	9158	NULL	NULL
75108	9159	NULL	NULL
75108	9160	NULL	NULL
75108	9161	NULL	NULL
75108	9162	NULL	NULL
75108	9163	NULL	NULL
75108	9164	NULL	NULL
75108	9165	NULL	NULL
75108	9166	NULL	NULL
75108	9167	NULL	NULL
75108	9168	NULL	NULL
75108	9169	NULL	NULL
75108	9170	NULL	NULL
75108	9171	NULL	NULL
75108	9172	NULL	NULL
75108	9173		NULL
75108	9174	NULL	NULL
75108	9175	NULL	NULL
75108	9176	NULL	NULL
75108	9181	NULL	NULL
75108	9182	NULL	NULL
75108	9183	NULL	NULL
75108	9185	NULL	NULL
75108	9186	NULL	NULL
75108	9187	NULL	NULL
75108	9188	NULL	NULL
75108	9189	NULL	NULL
75108	9190	NULL	NULL
75108	9191	NULL	NULL
75108	9192	NULL	NULL
75108	9193	NULL	NULL
75108	9195	NULL	NULL
75108	9196	NULL	NULL
75108	9197	NULL	NULL
75108	9198	NULL	NULL
75108	9203	NULL	NULL
75108	9204	NULL	NULL
75108	9205	NULL	NULL
75108	9206	NULL	NULL
75108	9207	NULL	NULL
75108	9208	NULL	NULL
75108	9209	NULL	NULL
75108	9210	NULL	NULL
75108	9212	NULL	NULL
75108	9213		NULL
75108	9214	NULL	NULL
75108	9215	NULL	NULL
75108	9216		NULL
75108	9218	NULL	NULL
75108	9219	NULL	NULL
75108	9220	NULL	NULL
75108	9225	NULL	NULL
75108	9226	NULL	NULL
75108	9227	NULL	NULL
75108	9228	NULL	NULL
75108	9229	NULL	NULL
75108	9239	NULL	NULL
75108	9240	NULL	NULL
75108	9241	NULL	NULL
75108	9242	NULL	NULL
75108	9243	NULL	NULL
75108	9244	NULL	NULL
75108	9245	NULL	NULL
75108	9246	NULL	NULL
75108	9248	NULL	NULL
75108	9249	NULL	NULL
75108	9252	NULL	NULL
75108	9253	NULL	NULL
75108	9254	NULL	NULL
75108	9256	NULL	NULL
75108	9258	NULL	NULL
75108	9260	NULL	NULL
75108	9261	NULL	NULL
75108	9263	NULL	NULL
75108	9264	NULL	NULL
75108	9265	NULL	NULL
75108	9266	NULL	NULL
75108	9268	NULL	NULL
75108	9269	NULL	NULL
75108	9270	NULL	NULL
75108	9274		NULL
75108	9284	NULL	NULL
75108	9285	NULL	NULL
75108	9288	NULL	NULL
75108	9291	NULL	NULL
75108	9296	NULL	NULL
75108	9298	NULL	NULL
75108	9300	NULL	NULL
75108	9301	NULL	NULL
75108	9302	NULL	NULL
75108	9304	NULL	NULL
75108	9307	NULL	NULL
75108	9311	NULL	NULL
75108	9315	NULL	NULL
75108	9316	NULL	NULL
75108	9317	NULL	NULL
75108	9319	NULL	NULL
75108	9321	NULL	NULL
75108	9322	NULL	NULL
75108	9323	NULL	NULL
75108	9324	NULL	NULL
75108	9326	NULL	NULL
75108	9327	NULL	NULL
75108	9328	NULL	NULL
75108	9330	NULL	NULL
75108	9331	NULL	NULL
75108	9332	NULL	NULL
75108	9333	NULL	NULL
75108	9334	NULL	NULL
75108	9335	NULL	NULL
75108	9336	NULL	NULL
75108	9337	NULL	NULL
75108	9338	NULL	NULL
75108	9339	NULL	NULL
75108	9341	NULL	NULL
75108	9342	NULL	NULL
75108	9343	NULL	NULL
75108	9368	NULL	NULL
75108	9369	NULL	NULL
75108	9370	NULL	NULL
75108	9374	NULL	NULL
75108	9375	NULL	NULL
75108	9420		NULL
75108	9445	NULL	NULL
75108	9447	NULL	NULL
75108	9449	NULL	NULL
75108	9450	NULL	NULL
75108	9451	NULL	NULL
75108	9452	NULL	NULL
75108	9453	NULL	NULL
75108	9455	NULL	NULL
75108	9517	NULL	NULL
75108	9528	NULL	NULL
75108	9533		NULL
75108	9536	NULL	NULL
75108	9540	NULL	NULL
75108	9542	NULL	NULL
75108	9543	NULL	NULL
75108	9545	NULL	NULL
75108	9546	NULL	NULL
75108	9548	NULL	NULL
75108	9549	NULL	NULL
75108	9551	NULL	NULL
75108	9552	NULL	NULL
75108	9553	NULL	NULL
75108	9554	NULL	NULL
75108	9555	NULL	NULL
75108	9556	NULL	NULL
75108	9557	NULL	NULL
75108	9558	NULL	NULL
75108	9559	NULL	NULL
75108	9560	NULL	NULL
75108	9566	NULL	NULL
75108	9823		NULL
75108	9892		NULL
75108	9898	NULL	NULL
75108	9900	NULL	NULL
75108	9901	NULL	NULL
75108	9902	NULL	NULL
75108	9912		NULL
75108	10047	NULL	NULL
75108	10048	NULL	NULL
75108	10067	NULL	NULL
75108	10150		NULL
75108	10158		NULL
75108	10167		NULL
75108	10216	NULL	NULL
75108	10219	NULL	NULL
75108	10254	NULL	NULL
75108	10255	NULL	NULL
75108	10256	NULL	NULL
75108	10257	NULL	NULL
75108	10258	NULL	NULL
75108	10259	NULL	NULL
75108	10260	NULL	NULL
75108	10261	NULL	NULL
75108	10262	NULL	NULL
75108	10263	NULL	NULL
75108	10264	NULL	NULL
75108	10265	NULL	NULL
75108	10435	NULL	NULL
75108	10436	NULL	NULL
75108	10437	NULL	NULL
75108	10439	NULL	NULL
75108	10440	NULL	NULL
75108	10441	NULL	NULL
75108	10443	NULL	NULL
75108	10444	NULL	NULL
75108	10445	NULL	NULL
75108	10446	NULL	NULL
75108	10447	NULL	NULL
75108	10448	NULL	NULL
75108	10449	NULL	NULL
75108	10450	NULL	NULL
75108	10465		NULL
75108	10475	NULL	NULL
75108	10476	NULL	NULL
75108	10477	NULL	NULL
75108	10479	NULL	NULL
75108	10481	NULL	NULL
75108	10482	NULL	NULL
75108	10483	NULL	NULL
75108	10541		NULL
75108	10542		NULL
75108	10548		NULL
75108	10550	NULL	NULL
75108	10559		NULL
75108	10582		NULL
75108	10583		NULL
75108	10584		NULL
75108	10585		NULL
75108	10586		NULL
75108	10587		NULL
75108	10965	NULL	NULL
75108	11020		NULL
75108	11342	NULL	NULL
75108	11606	NULL	NULL
75108	11610	NULL	NULL
75108	11611	NULL	NULL
75108	11612	NULL	NULL
75108	11613	NULL	NULL
75108	11614	NULL	NULL
75108	11615	NULL	NULL
75108	11616	NULL	NULL
75108	11617	NULL	NULL
75108	11618	NULL	NULL
75108	11619	NULL	NULL
75108	11620	NULL	NULL
75108	11881	NULL	NULL
75108	11882	NULL	NULL
75108	11885	NULL	NULL
75108	11886	NULL	NULL
75108	11888	NULL	NULL
75108	11890	NULL	NULL
75108	11892	NULL	NULL
75108	11899	NULL	NULL
75108	11900	NULL	NULL
75108	12073	NULL	NULL
75108	12413	NULL	NULL
75108	12414	NULL	NULL
75108	12415	NULL	NULL
75108	12416	NULL	NULL
75108	12418	NULL	NULL
75108	12419	NULL	NULL
75108	12420	NULL	NULL
75108	12421	NULL	NULL
75108	12422	NULL	NULL
75108	12423	NULL	NULL
75108	12424	NULL	NULL
75108	14640	NULL	NULL
75108	14641	NULL	NULL
75108	14642	NULL	NULL
75108	18354	NULL	NULL
75108	18355	NULL	NULL
75108	18356	NULL	NULL
75108	18357	NULL	NULL
75108	18358	NULL	NULL
75108	18361	NULL	NULL
75108	18362	NULL	NULL
75108	18363	NULL	NULL
75108	18364	NULL	NULL
75108	18365	NULL	NULL
75108	18383	NULL	NULL
75108	18708	NULL	NULL
75108	18709	NULL	NULL
75108	18710	NULL	NULL
75108	18711	NULL	NULL
75108	18712	NULL	NULL
75108	18713	NULL	NULL
75108	18714	NULL	NULL
75108	18715	NULL	NULL
75108	18716	NULL	NULL
75108	18717	NULL	NULL
75108	18718	NULL	NULL
75108	18719	NULL	NULL
75108	19550	NULL	NULL
75108	19551	NULL	NULL
75108	19552	NULL	NULL
75108	19553	NULL	NULL
75108	19554	NULL	NULL
75108	19555	NULL	NULL
75108	19556	NULL	NULL
75108	19557	NULL	NULL
75108	19558	NULL	NULL
75108	19800	NULL	NULL
75108	19801	NULL	NULL
75108	19802	NULL	NULL
75108	27974		NULL
75108	27999		NULL
75108	28000		NULL
75108	28005		NULL
75108	28006		NULL
75108	28007		NULL
75108	28008		NULL
75108	28009		NULL
75108	28010		NULL
75108	28011	NULL	NULL
75108	28012	NULL	NULL
75108	28013		NULL
75108	28014	801786590	NULL
75108	28016	801786590	NULL
75108	28018	801786590	NULL
75108	28019	801786590	NULL
75108	28020	801786590	NULL
75108	28021	801786590	NULL
75108	28022	801786590	NULL
75108	28023	801786590	NULL
75108	28024	801786590	NULL
75108	28025	801786590	NULL
75108	28026	801786590	NULL
75108	28027	801786590	NULL
75108	28028		NULL
75108	28029		NULL
75108	28030		NULL
75108	28033		NULL
75108	28040		NULL
75108	28042		NULL
75108	28045		NULL
75108	28047		NULL
75108	28058		NULL
75108	28059		NULL
75108	28065		NULL
75108	28071		NULL
75108	28091		NULL
75108	28092		NULL
75108	28096		NULL
75108	28097		NULL
75108	28098		NULL
75108	28099		NULL
75108	28100		NULL
75108	28101		NULL
75108	28102		NULL
75108	28103		NULL
75108	28104		NULL
75108	28113		NULL
75108	28115		NULL
75108	28116		NULL
75108	28117		NULL
75108	28118		NULL
75108	28119		NULL
75108	28120		NULL
75108	28121		NULL
75108	28124	NULL	NULL
75108	28125		NULL
75108	28126		NULL
75108	28131		NULL
75108	28132		NULL
75108	28144		NULL
75108	28152		NULL
75108	28157		NULL
75108	28161		NULL
75108	28162		NULL
75108	28165		NULL
75108	28166		NULL
75108	28167		NULL
75108	28168		NULL
75108	28169		NULL
75108	28170		NULL
75108	28171		NULL
75108	28172		NULL
75108	28173		NULL
75108	28174		NULL
75108	28177		NULL
75108	28178		NULL
75108	28183		NULL
75108	28184		NULL
75108	28185		NULL
75108	28186		NULL
75108	28187		NULL
75108	28188		NULL
75108	28189		NULL
75108	28190		NULL
75108	28191		NULL
75108	28192		NULL
75108	28193		NULL
75108	28194		NULL
75108	28195		NULL
75108	28463		NULL
75108	28480		NULL
75108	28484		NULL
75108	28486		NULL
75108	28487		NULL
75108	28488		NULL
75108	28489		NULL
75108	28490		NULL
75108	28678		NULL
75108	28679		NULL
75108	28683		NULL
75108	28684		NULL
75108	28686		NULL
75108	28689		NULL
75108	28743		NULL
75108	28744		NULL
75108	28745		NULL
75108	28746		NULL
75108	28747		NULL
75108	28753		NULL
75108	28754		NULL
75108	28755		NULL
75108	28756		NULL
75108	28757		NULL
75108	28758		NULL
75108	28784		NULL
75108	28785		NULL
75108	28787		NULL
75108	28789		NULL
75108	28791		NULL
75108	28810		NULL
75108	28811		NULL
75108	28813		NULL
75108	28814		NULL
75108	28815		NULL
75108	28816		NULL
75108	28817		NULL
75108	28818		NULL
75108	28819		NULL
75108	28822		NULL
75108	28833		NULL
75108	28834		NULL
75108	28835		NULL
75108	28836		NULL
75108	28841		NULL
75108	28846		NULL
75108	28850		NULL
75108	28853		NULL
75108	28857		NULL
75108	28895		NULL
75108	32441		NULL
75108	32472		NULL
75108	32712		NULL
75108	36108		NULL
75108	36133		NULL
75108	36228		NULL
75108	36242		NULL
75108	36244		NULL
75108	36277		NULL
75108	36306		NULL
75214	71320	NULL	NULL
75214	71321	NULL	NULL
75214	71322	NULL	NULL
75214	71323	NULL	NULL
75214	71324	NULL	NULL
75214	71325	NULL	NULL
75214	71326	NULL	NULL
75214	71327	NULL	NULL
75214	71328	NULL	NULL
75214	71329	NULL	NULL
75214	71330	NULL	NULL
75214	71331	NULL	NULL
75214	71332	NULL	NULL
75214	71333	NULL	NULL
75214	71334	NULL	NULL
75214	71335	NULL	NULL
75214	71336	NULL	NULL
75214	71337	NULL	NULL
75214	71338	NULL	NULL
75214	71339	NULL	NULL
75214	71340	NULL	NULL
75214	71341	NULL	NULL
75214	71342	NULL	NULL
75214	71343	NULL	NULL
75214	71344	NULL	NULL
75214	71345	NULL	NULL
75214	71346	NULL	NULL
75214	71347	NULL	NULL
75214	71348	NULL	NULL
75214	71349	NULL	NULL
75214	71350	NULL	NULL
75214	71351	NULL	NULL
75214	71352	NULL	NULL
75214	71353	NULL	NULL
75214	71354	NULL	NULL
73273	63804	13409010001	NULL
73273	63805	13409010002	NULL
73273	63807	13409010004	NULL
73273	63808	13409010003	NULL
73273	63809	13409010005	NULL
73273	63810	13409010006	NULL
73273	63811	13409010007	NULL
73273	63812	13409010008	NULL
73273	63813	13409010009	NULL
73273	63814	13409010010	NULL
73273	63815	13409010012	NULL
73273	63820	13409010011	NULL
73273	63821	13409010013	NULL
73273	63822	13409010014	NULL
NULL	10086	NULL	NULL
